,Name,Time,Date,DataPoint1,DataPoint2,Moving_Avg,Noise,Average100
0,Thomas,1:00:00,6/22/15,745,57,,,745.0
1,Thomas,1:00:00,6/22/15,710,89,,,727.5
2,Thomas,1:00:00,6/22/15,60,79,,,505.0
3,Thomas,1:01:00,6/22/15,772,84,,,571.75
4,Thomas,1:01:00,6/22/15,734,30,,,604.2
5,Thomas,1:01:00,6/22/15,837,83,,,643.0
6,Thomas,1:02:00,6/22/15,155,63,,,573.2857142857143
7,Thomas,1:02:00,6/22/15,332,50,,,543.125
8,Thomas,1:02:00,6/22/15,988,72,,,592.5555555555555
9,Thomas,1:03:00,6/22/15,371,54,,,570.4
10,Thomas,1:03:00,6/22/15,264,40,,,542.5454545454545
11,Thomas,1:03:00,6/22/15,260,36,,,519.0
12,Thomas,1:04:00,6/22/15,644,22,,,528.6153846153846
13,Thomas,1:04:00,6/22/15,705,20,,,541.2142857142857
14,Thomas,1:04:00,6/22/15,180,100,,,517.1333333333333
15,Thomas,1:05:00,6/22/15,751,80,,,531.75
16,Thomas,1:05:00,6/22/15,503,66,,,530.0588235294117
17,Thomas,1:05:00,6/22/15,808,59,,,545.5
18,Thomas,1:06:00,6/22/15,469,8,,,541.4736842105264
19,Thomas,1:06:00,6/22/15,497,63,,,539.25
20,Thomas,1:06:00,6/22/15,25,31,,,514.7619047619048
21,Thomas,1:07:00,6/22/15,660,71,,,521.3636363636364
22,Thomas,1:07:00,6/22/15,548,39,,,522.5217391304348
23,Thomas,1:07:00,6/22/15,31,19,,,502.0416666666667
24,Thomas,1:08:00,6/22/15,261,42,,,492.4
25,Thomas,1:08:00,6/22/15,159,20,,,479.5769230769231
26,Thomas,1:08:00,6/22/15,850,3,,,493.2962962962963
27,Thomas,1:09:00,6/22/15,220,13,,,483.5357142857143
28,Thomas,1:09:00,6/22/15,997,95,,,501.2413793103448
29,Thomas,1:09:00,6/22/15,199,14,,,491.1666666666667
30,Thomas,1:10:00,6/22/15,272,61,,,484.0967741935484
31,Thomas,1:10:00,6/22/15,386,7,,,481.03125
32,Thomas,1:10:00,6/22/15,851,69,,,492.24242424242425
33,Thomas,1:11:00,6/22/15,41,52,,,478.97058823529414
34,Thomas,1:11:00,6/22/15,79,73,,,467.54285714285714
35,Thomas,1:11:00,6/22/15,538,34,,,469.5
36,Thomas,1:12:00,6/22/15,969,15,,,483.0
37,Thomas,1:12:00,6/22/15,218,71,,,476.0263157894737
38,Thomas,1:12:00,6/22/15,304,3,,,471.61538461538464
39,Thomas,1:13:00,6/22/15,96,5,,,462.225
40,Thomas,1:13:00,6/22/15,63,62,,,452.4878048780488
41,Thomas,1:13:00,6/22/15,936,16,,,464.0
42,Thomas,1:14:00,6/22/15,663,59,,,468.6279069767442
43,Thomas,1:14:00,6/22/15,964,59,,,479.8863636363636
44,Thomas,1:14:00,6/22/15,508,96,,,480.5111111111111
45,Thomas,1:15:00,6/22/15,618,33,,,483.5
46,Thomas,1:15:00,6/22/15,835,40,,,490.97872340425533
47,Thomas,1:15:00,6/22/15,803,64,,,497.4791666666667
48,Thomas,1:16:00,6/22/15,77,32,,,488.8979591836735
49,Thomas,1:16:00,6/22/15,713,31,493.38,219.62,493.38
50,Thomas,1:16:00,6/22/15,977,81,502.8627450980392,474.1372549019608,502.8627450980392
51,Thomas,1:17:00,6/22/15,484,63,502.5,-18.5,502.5
52,Thomas,1:17:00,6/22/15,422,98,500.9811320754717,-78.98113207547169,500.9811320754717
53,Thomas,1:17:00,6/22/15,658,14,503.8888888888889,154.1111111111111,503.8888888888889
54,Thomas,1:18:00,6/22/15,928,27,511.6,416.4,511.6
55,Thomas,1:18:00,6/22/15,954,25,519.5,434.5,519.5
56,Thomas,1:18:00,6/22/15,183,70,513.5964912280701,-330.59649122807014,513.5964912280701
57,Thomas,1:19:00,6/22/15,753,77,517.7241379310345,235.27586206896547,517.7241379310345
58,Thomas,1:19:00,6/22/15,766,98,521.9322033898305,244.06779661016947,521.9322033898305
59,Thomas,1:19:00,6/22/15,195,51,516.4833333333333,-321.48333333333335,516.4833333333333
60,Thomas,1:20:00,6/22/15,429,30,515.0491803278688,-86.04918032786884,515.0491803278688
61,Thomas,1:20:00,6/22/15,121,5,508.69354838709677,-387.69354838709677,508.69354838709677
62,Thomas,1:20:00,6/22/15,395,27,506.8888888888889,-111.88888888888891,506.8888888888889
63,Thomas,1:21:00,6/22/15,788,22,511.28125,276.71875,511.28125
64,Thomas,1:21:00,6/22/15,38,22,504.0,-466.0,504.0
65,Thomas,1:21:00,6/22/15,82,58,497.6060606060606,-415.6060606060606,497.6060606060606
66,Thomas,1:22:00,6/22/15,726,40,501.0149253731343,224.9850746268657,501.0149253731343
67,Thomas,1:22:00,6/22/15,915,94,507.1029411764706,407.8970588235294,507.1029411764706
68,Thomas,1:22:00,6/22/15,730,30,510.3333333333333,219.66666666666669,510.3333333333333
69,Thomas,1:23:00,6/22/15,148,78,505.15714285714284,-357.15714285714284,505.15714285714284
70,Thomas,1:23:00,6/22/15,592,25,506.38028169014086,85.61971830985914,506.38028169014086
71,Thomas,1:23:00,6/22/15,874,21,511.4861111111111,362.5138888888889,511.4861111111111
72,Thomas,1:24:00,6/22/15,40,8,505.027397260274,-465.027397260274,505.027397260274
73,Thomas,1:24:00,6/22/15,810,85,509.14864864864865,300.85135135135135,509.14864864864865
74,Thomas,1:24:00,6/22/15,314,3,506.5466666666667,-192.54666666666668,506.5466666666667
75,Thomas,1:25:00,6/22/15,811,53,510.55263157894734,300.44736842105266,510.55263157894734
76,Thomas,1:25:00,6/22/15,619,38,511.961038961039,107.03896103896102,511.961038961039
77,Thomas,1:25:00,6/22/15,244,77,508.52564102564105,-264.52564102564105,508.52564102564105
78,Thomas,1:26:00,6/22/15,780,90,511.9620253164557,268.0379746835443,511.9620253164557
79,Thomas,1:26:00,6/22/15,984,51,517.8625,466.13750000000005,517.8625
80,Thomas,1:26:00,6/22/15,648,95,519.4691358024692,128.53086419753083,519.4691358024692
81,Thomas,1:27:00,6/22/15,421,22,518.2682926829268,-97.26829268292681,518.2682926829268
82,Thomas,1:27:00,6/22/15,821,31,521.9156626506024,299.08433734939763,521.9156626506024
83,Thomas,1:27:00,6/22/15,7,60,515.7857142857143,-508.78571428571433,515.7857142857143
84,Thomas,1:28:00,6/22/15,693,10,517.8705882352941,175.12941176470588,517.8705882352941
85,Thomas,1:28:00,6/22/15,287,38,515.1860465116279,-228.18604651162786,515.1860465116279
86,Thomas,1:28:00,6/22/15,257,94,512.2183908045977,-255.21839080459768,512.2183908045977
87,Thomas,1:29:00,6/22/15,448,68,511.4886363636364,-63.488636363636374,511.4886363636364
88,Thomas,1:29:00,6/22/15,473,92,511.0561797752809,-38.056179775280896,511.0561797752809
89,Thomas,1:29:00,6/22/15,133,1,506.85555555555555,-373.85555555555555,506.85555555555555
90,Thomas,1:30:00,6/22/15,852,68,510.64835164835165,341.35164835164835,510.64835164835165
91,Thomas,1:30:00,6/22/15,701,25,512.7173913043479,188.28260869565213,512.7173913043479
92,Thomas,1:30:00,6/22/15,305,76,510.48387096774195,-205.48387096774195,510.48387096774195
93,Thomas,1:31:00,6/22/15,510,35,510.47872340425533,-0.47872340425533366,510.47872340425533
94,Thomas,1:31:00,6/22/15,800,71,513.5263157894736,286.47368421052636,513.5263157894736
95,Thomas,1:31:00,6/22/15,631,63,514.75,116.25,514.75
96,Thomas,1:32:00,6/22/15,763,52,517.3092783505155,245.69072164948454,517.3092783505155
97,Thomas,1:32:00,6/22/15,972,12,521.9489795918367,450.05102040816325,521.9489795918367
98,Thomas,1:32:00,6/22/15,838,24,525.1414141414141,312.8585858585859,525.1414141414141
99,Thomas,1:33:00,6/22/15,414,32,524.03,-110.02999999999997,524.03
100,Thomas,1:33:00,6/22/15,312,45,519.7,-207.70000000000005,519.7
101,Thomas,1:33:00,6/22/15,178,90,514.38,-336.38,514.38
102,Thomas,1:34:00,6/22/15,732,88,521.1,210.89999999999998,521.1
103,Thomas,1:34:00,6/22/15,343,45,516.81,-173.80999999999995,516.81
104,Thomas,1:34:00,6/22/15,189,97,511.36,-322.36,511.36
105,Thomas,1:35:00,6/22/15,494,92,507.93,-13.930000000000007,507.93
106,Thomas,1:35:00,6/22/15,948,99,515.86,432.14,515.86
107,Thomas,1:35:00,6/22/15,952,4,522.06,429.94000000000005,522.06
108,Thomas,1:36:00,6/22/15,40,79,512.58,-472.58000000000004,512.58
109,Thomas,1:36:00,6/22/15,620,88,515.07,104.92999999999995,515.07
110,Thomas,1:36:00,6/22/15,722,63,519.65,202.35000000000002,519.65
111,Thomas,1:37:00,6/22/15,127,70,518.32,-391.32000000000005,518.32
112,Thomas,1:37:00,6/22/15,291,14,514.79,-223.78999999999996,514.79
113,Thomas,1:37:00,6/22/15,713,82,514.87,198.13,514.87
114,Thomas,1:38:00,6/22/15,949,73,522.56,426.44000000000005,522.56
115,Thomas,1:38:00,6/22/15,611,39,521.16,89.84000000000003,521.16
116,Thomas,1:38:00,6/22/15,15,86,516.28,-501.28,516.28
117,Thomas,1:39:00,6/22/15,447,98,512.67,-65.66999999999996,512.67
118,Thomas,1:39:00,6/22/15,46,94,508.44,-462.44,508.44
119,Thomas,1:39:00,6/22/15,921,100,512.68,408.32000000000005,512.68
120,Thomas,1:40:00,6/22/15,46,60,512.89,-466.89,512.89
121,Thomas,1:40:00,6/22/15,72,21,507.01,-435.01,507.01
122,Thomas,1:40:00,6/22/15,592,1,507.45,84.55000000000001,507.45
123,Thomas,1:41:00,6/22/15,427,83,511.41,-84.41000000000003,511.41
124,Thomas,1:41:00,6/22/15,876,94,517.56,358.44000000000005,517.56
125,Thomas,1:41:00,6/22/15,557,34,521.54,35.460000000000036,521.54
126,Thomas,1:42:00,6/22/15,826,31,521.3,304.70000000000005,521.3
127,Thomas,1:42:00,6/22/15,274,10,521.84,-247.84000000000003,521.84
128,Thomas,1:42:00,6/22/15,31,38,512.18,-481.17999999999995,512.18
129,Thomas,1:43:00,6/22/15,201,8,512.2,-311.20000000000005,512.2
130,Thomas,1:43:00,6/22/15,155,72,511.03,-356.03,511.03
131,Thomas,1:43:00,6/22/15,176,87,508.93,-332.93,508.93
132,Thomas,1:44:00,6/22/15,262,3,503.04,-241.04000000000002,503.04
133,Thomas,1:44:00,6/22/15,715,35,509.78,205.22000000000003,509.78
134,Thomas,1:44:00,6/22/15,895,93,517.94,377.05999999999995,517.94
135,Thomas,1:45:00,6/22/15,905,54,521.61,383.39,521.61
136,Thomas,1:45:00,6/22/15,645,6,518.37,126.63,518.37
137,Thomas,1:45:00,6/22/15,835,85,524.54,310.46000000000004,524.54
138,Thomas,1:46:00,6/22/15,150,22,523.0,-373.0,523.0
139,Thomas,1:46:00,6/22/15,416,18,526.2,-110.20000000000005,526.2
140,Thomas,1:46:00,6/22/15,174,1,527.31,-353.30999999999995,527.31
141,Thomas,1:47:00,6/22/15,289,16,520.84,-231.84000000000003,520.84
142,Thomas,1:47:00,6/22/15,151,30,515.72,-364.72,515.72
143,Thomas,1:47:00,6/22/15,638,48,512.46,125.53999999999996,512.46
144,Thomas,1:48:00,6/22/15,920,54,516.58,403.41999999999996,516.58
145,Thomas,1:48:00,6/22/15,416,35,514.56,-98.55999999999995,514.56
146,Thomas,1:48:00,6/22/15,111,10,507.32,-396.32,507.32
147,Thomas,1:49:00,6/22/15,433,52,503.62,-70.62,503.62
148,Thomas,1:49:00,6/22/15,632,68,509.17,122.82999999999998,509.17
149,Thomas,1:49:00,6/22/15,424,9,506.28,-82.27999999999997,506.28
150,Thomas,1:50:00,6/22/15,535,27,501.86,33.139999999999986,501.86
151,Thomas,1:50:00,6/22/15,75,92,497.77,-422.77,497.77
152,Thomas,1:50:00,6/22/15,544,68,498.99,45.00999999999999,498.99
153,Thomas,1:51:00,6/22/15,294,43,495.35,-201.35000000000002,495.35
154,Thomas,1:51:00,6/22/15,663,12,492.7,170.3,492.7
155,Thomas,1:51:00,6/22/15,999,75,493.15,505.85,493.15
156,Thomas,1:52:00,6/22/15,421,69,495.53,-74.52999999999997,495.53
157,Thomas,1:52:00,6/22/15,67,82,488.67,-421.67,488.67
158,Thomas,1:52:00,6/22/15,367,16,484.68,-117.68,484.68
159,Thomas,1:53:00,6/22/15,724,100,489.97,234.02999999999997,489.97
160,Thomas,1:53:00,6/22/15,33,89,486.01,-453.01,486.01
161,Thomas,1:53:00,6/22/15,773,50,492.53,280.47,492.53
162,Thomas,1:54:00,6/22/15,836,55,496.94,339.06,496.94
163,Thomas,1:54:00,6/22/15,190,31,490.96,-300.96,490.96
164,Thomas,1:54:00,6/22/15,945,30,500.03,444.97,500.03
165,Thomas,1:55:00,6/22/15,708,36,506.29,201.70999999999998,506.29
166,Thomas,1:55:00,6/22/15,604,50,505.07,98.93,505.07
167,Thomas,1:55:00,6/22/15,42,93,496.34,-454.34,496.34
168,Thomas,1:56:00,6/22/15,85,84,489.89,-404.89,489.89
169,Thomas,1:56:00,6/22/15,678,55,495.19,182.81,495.19
170,Thomas,1:56:00,6/22/15,242,3,491.69,-249.69,491.69
171,Thomas,1:57:00,6/22/15,661,29,489.56,171.44,489.56
172,Thomas,1:57:00,6/22/15,582,19,494.98,87.01999999999998,494.98
173,Thomas,1:57:00,6/22/15,567,73,492.55,74.44999999999999,492.55
174,Thomas,1:58:00,6/22/15,63,91,490.04,-427.04,490.04
175,Thomas,1:58:00,6/22/15,812,26,490.05,321.95,490.05
176,Thomas,1:58:00,6/22/15,470,49,488.56,-18.560000000000002,488.56
177,Thomas,1:59:00,6/22/15,938,55,495.5,442.5,495.5
178,Thomas,1:59:00,6/22/15,18,40,487.88,-469.88,487.88
179,Thomas,1:59:00,6/22/15,777,36,485.81,291.19,485.81
180,Thomas,2:00:00,6/22/15,246,57,481.79,-235.79000000000002,481.79
181,Thomas,2:00:00,6/22/15,790,70,485.48,304.52,485.48
182,Thomas,2:00:00,6/22/15,978,80,487.05,490.95,487.05
183,Thomas,2:01:00,6/22/15,387,49,490.85,-103.85000000000002,490.85
184,Thomas,2:01:00,6/22/15,842,34,492.34,349.66,492.34
185,Thomas,2:01:00,6/22/15,32,86,489.79,-457.79,489.79
186,Thomas,2:02:00,6/22/15,355,65,490.77,-135.76999999999998,490.77
187,Thomas,2:02:00,6/22/15,804,54,494.33,309.67,494.33
188,Thomas,2:02:00,6/22/15,658,100,496.18,161.82,496.18
189,Thomas,2:03:00,6/22/15,777,97,502.62,274.38,502.62
190,Thomas,2:03:00,6/22/15,387,9,497.97,-110.97000000000003,497.97
191,Thomas,2:03:00,6/22/15,35,82,491.31,-456.31,491.31
192,Thomas,2:04:00,6/22/15,587,12,494.13,92.87,494.13
193,Thomas,2:04:00,6/22/15,613,82,495.16,117.83999999999997,495.16
194,Thomas,2:04:00,6/22/15,597,14,493.13,103.87,493.13
195,Thomas,2:05:00,6/22/15,817,95,494.99,322.01,494.99
196,Thomas,2:05:00,6/22/15,968,15,497.04,470.96,497.04
197,Thomas,2:05:00,6/22/15,488,26,492.2,-4.199999999999989,492.2
198,Thomas,2:06:00,6/22/15,213,99,485.95,-272.95,485.95
199,Thomas,2:06:00,6/22/15,482,7,486.63,-4.6299999999999955,486.63
200,Thomas,2:06:00,6/22/15,320,23,486.71,-166.70999999999998,486.71
201,Thomas,2:07:00,6/22/15,38,46,485.31,-447.31,485.31
202,Thomas,2:07:00,6/22/15,783,94,485.82,297.18,485.82
203,Thomas,2:07:00,6/22/15,729,11,489.68,239.32,489.68
204,Thomas,2:08:00,6/22/15,677,91,494.56,182.44,494.56
205,Thomas,2:08:00,6/22/15,415,68,493.77,-78.76999999999998,493.77
206,Thomas,2:08:00,6/22/15,125,32,485.54,-360.54,485.54
207,Thomas,2:09:00,6/22/15,894,11,484.96,409.04,484.96
208,Thomas,2:09:00,6/22/15,610,92,490.66,119.33999999999997,490.66
209,Thomas,2:09:00,6/22/15,859,61,493.05,365.95,493.05
210,Thomas,2:10:00,6/22/15,207,50,487.9,-280.9,487.9
211,Thomas,2:10:00,6/22/15,300,98,489.63,-189.63,489.63
212,Thomas,2:10:00,6/22/15,884,45,495.56,388.44,495.56
213,Thomas,2:11:00,6/22/15,135,77,489.78,-354.78,489.78
214,Thomas,2:11:00,6/22/15,784,39,488.13,295.87,488.13
215,Thomas,2:11:00,6/22/15,168,22,483.7,-315.7,483.7
216,Thomas,2:12:00,6/22/15,62,10,484.17,-422.17,484.17
217,Thomas,2:12:00,6/22/15,212,50,481.82,-269.82,481.82
218,Thomas,2:12:00,6/22/15,958,75,490.94,467.06,490.94
219,Thomas,2:13:00,6/22/15,665,88,488.38,176.62,488.38
220,Thomas,2:13:00,6/22/15,835,29,496.27,338.73,496.27
221,Thomas,2:13:00,6/22/15,637,33,501.92,135.07999999999998,501.92
222,Thomas,2:14:00,6/22/15,178,80,497.78,-319.78,497.78
223,Thomas,2:14:00,6/22/15,157,47,495.08,-338.08,495.08
224,Thomas,2:14:00,6/22/15,939,27,495.71,443.29,495.71
225,Thomas,2:15:00,6/22/15,448,85,494.62,-46.620000000000005,494.62
226,Thomas,2:15:00,6/22/15,291,34,489.27,-198.26999999999998,489.27
227,Thomas,2:15:00,6/22/15,492,92,491.45,0.5500000000000114,491.45
228,Thomas,2:16:00,6/22/15,405,32,495.19,-90.19,495.19
229,Thomas,2:16:00,6/22/15,762,29,500.8,261.2,500.8
230,Thomas,2:16:00,6/22/15,431,10,503.56,-72.56,503.56
231,Thomas,2:17:00,6/22/15,243,5,504.23,-261.23,504.23
232,Thomas,2:17:00,6/22/15,232,60,503.93,-271.93,503.93
233,Thomas,2:17:00,6/22/15,511,79,501.89,9.110000000000014,501.89
234,Thomas,2:18:00,6/22/15,979,55,502.73,476.27,502.73
235,Thomas,2:18:00,6/22/15,684,2,500.52,183.48000000000002,500.52
236,Thomas,2:18:00,6/22/15,97,58,495.04,-398.04,495.04
237,Thomas,2:19:00,6/22/15,681,90,493.5,187.5,493.5
238,Thomas,2:19:00,6/22/15,728,61,499.28,228.72000000000003,499.28
239,Thomas,2:19:00,6/22/15,554,43,500.66,53.339999999999975,500.66
240,Thomas,2:20:00,6/22/15,955,24,508.47,446.53,508.47
241,Thomas,2:20:00,6/22/15,952,5,515.1,436.9,515.1
242,Thomas,2:20:00,6/22/15,620,58,519.79,100.21000000000004,519.79
243,Thomas,2:21:00,6/22/15,68,54,514.09,-446.09000000000003,514.09
244,Thomas,2:21:00,6/22/15,601,46,510.9,90.10000000000002,510.9
245,Thomas,2:21:00,6/22/15,410,79,510.84,-100.83999999999997,510.84
246,Thomas,2:22:00,6/22/15,568,33,515.41,52.59000000000003,515.41
247,Thomas,2:22:00,6/22/15,958,6,520.66,437.34000000000003,520.66
248,Thomas,2:22:00,6/22/15,612,84,520.46,91.53999999999996,520.46
249,Thomas,2:23:00,6/22/15,830,21,524.52,305.48,524.52
250,Thomas,2:23:00,6/22/15,845,65,527.62,317.38,527.62
251,Thomas,2:23:00,6/22/15,966,68,536.53,429.47,536.53
252,Thomas,2:24:00,6/22/15,470,27,535.79,-65.78999999999996,535.79
253,Thomas,2:24:00,6/22/15,288,56,535.73,-247.73000000000002,535.73
254,Thomas,2:24:00,6/22/15,493,65,534.03,-41.02999999999997,534.03
255,Thomas,2:25:00,6/22/15,260,75,526.64,-266.64,526.64
256,Thomas,2:25:00,6/22/15,910,34,531.53,378.47,531.53
257,Thomas,2:25:00,6/22/15,903,40,539.89,363.11,539.89
258,Thomas,2:26:00,6/22/15,980,19,546.02,433.98,546.02
259,Thomas,2:26:00,6/22/15,214,56,540.92,-326.91999999999996,540.92
260,Thomas,2:26:00,6/22/15,960,39,550.19,409.80999999999995,550.19
261,Thomas,2:27:00,6/22/15,10,34,542.56,-532.56,542.56
262,Thomas,2:27:00,6/22/15,586,32,540.06,45.940000000000055,540.06
263,Thomas,2:27:00,6/22/15,905,31,547.21,357.78999999999996,547.21
264,Thomas,2:28:00,6/22/15,903,1,546.79,356.21000000000004,546.79
265,Thomas,2:28:00,6/22/15,556,85,545.27,10.730000000000018,545.27
266,Thomas,2:28:00,6/22/15,15,100,539.38,-524.38,539.38
267,Thomas,2:29:00,6/22/15,624,65,545.2,78.79999999999995,545.2
268,Thomas,2:29:00,6/22/15,170,54,546.05,-376.04999999999995,546.05
269,Thomas,2:29:00,6/22/15,491,70,544.18,-53.17999999999995,544.18
270,Thomas,2:30:00,6/22/15,872,77,550.48,321.52,550.48
271,Thomas,2:30:00,6/22/15,664,49,550.51,113.49000000000001,550.51
272,Thomas,2:30:00,6/22/15,348,84,548.17,-200.16999999999996,548.17
273,Thomas,2:31:00,6/22/15,257,6,545.07,-288.07000000000005,545.07
274,Thomas,2:31:00,6/22/15,784,27,552.28,231.72000000000003,552.28
275,Thomas,2:31:00,6/22/15,614,74,550.3,63.700000000000045,550.3
276,Thomas,2:32:00,6/22/15,623,91,551.83,71.16999999999996,551.83
277,Thomas,2:32:00,6/22/15,153,99,543.98,-390.98,543.98
278,Thomas,2:32:00,6/22/15,55,13,544.35,-489.35,544.35
279,Thomas,2:33:00,6/22/15,468,100,541.26,-73.25999999999999,541.26
280,Thomas,2:33:00,6/22/15,418,75,542.98,-124.98000000000002,542.98
281,Thomas,2:33:00,6/22/15,88,30,535.96,-447.96000000000004,535.96
282,Thomas,2:34:00,6/22/15,13,6,526.31,-513.31,526.31
283,Thomas,2:34:00,6/22/15,224,46,524.68,-300.67999999999995,524.68
284,Thomas,2:34:00,6/22/15,725,92,523.51,201.49,523.51
285,Thomas,2:35:00,6/22/15,180,28,524.99,-344.99,524.99
286,Thomas,2:35:00,6/22/15,68,87,522.12,-454.12,522.12
287,Thomas,2:35:00,6/22/15,796,85,522.04,273.96000000000004,522.04
288,Thomas,2:36:00,6/22/15,54,18,516.0,-462.0,516.0
289,Thomas,2:36:00,6/22/15,408,20,512.31,-104.30999999999995,512.31
290,Thomas,2:36:00,6/22/15,676,45,515.2,160.79999999999995,515.2
291,Thomas,2:37:00,6/22/15,377,83,518.62,-141.62,518.62
292,Thomas,2:37:00,6/22/15,96,95,513.71,-417.71000000000004,513.71
293,Thomas,2:37:00,6/22/15,735,81,514.93,220.07000000000005,514.93
294,Thomas,2:38:00,6/22/15,716,8,516.12,199.88,516.12
295,Thomas,2:38:00,6/22/15,696,84,514.91,181.09000000000003,514.91
296,Thomas,2:38:00,6/22/15,940,23,514.63,425.37,514.63
297,Thomas,2:39:00,6/22/15,978,67,519.53,458.47,519.53
298,Thomas,2:39:00,6/22/15,950,53,526.9,423.1,526.9
299,Thomas,2:39:00,6/22/15,323,19,525.31,-202.30999999999995,525.31
300,Thomas,2:40:00,6/22/15,969,72,531.8,437.20000000000005,531.8
301,Thomas,2:40:00,6/22/15,352,30,534.94,-182.94000000000005,534.94
302,Thomas,2:40:00,6/22/15,16,67,527.27,-511.27,527.27
303,Thomas,2:41:00,6/22/15,756,28,527.54,228.46000000000004,527.54
304,Thomas,2:41:00,6/22/15,154,72,522.31,-368.30999999999995,522.31
305,Thomas,2:41:00,6/22/15,477,12,522.93,-45.92999999999995,522.93
306,Thomas,2:42:00,6/22/15,775,29,529.43,245.57000000000005,529.43
307,Thomas,2:42:00,6/22/15,349,7,523.98,-174.98000000000002,523.98
308,Thomas,2:42:00,6/22/15,125,48,519.13,-394.13,519.13
309,Thomas,2:43:00,6/22/15,579,75,516.33,62.66999999999996,516.33
310,Thomas,2:43:00,6/22/15,999,88,524.25,474.75,524.25
311,Thomas,2:43:00,6/22/15,139,84,522.64,-383.64,522.64
312,Thomas,2:44:00,6/22/15,179,68,515.59,-336.59000000000003,515.59
313,Thomas,2:44:00,6/22/15,189,65,516.13,-327.13,516.13
314,Thomas,2:44:00,6/22/15,886,27,517.15,368.85,517.15
315,Thomas,2:45:00,6/22/15,490,22,520.37,-30.370000000000005,520.37
316,Thomas,2:45:00,6/22/15,816,63,527.91,288.09000000000003,527.91
317,Thomas,2:45:00,6/22/15,331,90,529.1,-198.10000000000002,529.1
318,Thomas,2:46:00,6/22/15,850,49,528.02,321.98,528.02
319,Thomas,2:46:00,6/22/15,346,81,524.83,-178.83000000000004,524.83
320,Thomas,2:46:00,6/22/15,992,75,526.4,465.6,526.4
321,Thomas,2:47:00,6/22/15,730,43,527.33,202.66999999999996,527.33
322,Thomas,2:47:00,6/22/15,374,98,529.29,-155.28999999999996,529.29
323,Thomas,2:47:00,6/22/15,549,43,533.21,15.789999999999964,533.21
324,Thomas,2:48:00,6/22/15,994,15,533.76,460.24,533.76
325,Thomas,2:48:00,6/22/15,85,14,530.13,-445.13,530.13
326,Thomas,2:48:00,6/22/15,231,15,529.53,-298.53,529.53
327,Thomas,2:49:00,6/22/15,573,67,530.34,42.65999999999997,530.34
328,Thomas,2:49:00,6/22/15,678,11,533.07,144.92999999999995,533.07
329,Thomas,2:49:00,6/22/15,981,78,535.26,445.74,535.26
330,Thomas,2:50:00,6/22/15,269,94,533.64,-264.64,533.64
331,Thomas,2:50:00,6/22/15,945,28,540.66,404.34000000000003,540.66
332,Thomas,2:50:00,6/22/15,626,76,544.6,81.39999999999998,544.6
333,Thomas,2:51:00,6/22/15,893,88,548.42,344.58000000000004,548.42
334,Thomas,2:51:00,6/22/15,44,47,539.07,-495.07000000000005,539.07
335,Thomas,2:51:00,6/22/15,400,83,536.23,-136.23000000000002,536.23
336,Thomas,2:52:00,6/22/15,896,5,544.22,351.78,544.22
337,Thomas,2:52:00,6/22/15,22,62,537.63,-515.63,537.63
338,Thomas,2:52:00,6/22/15,486,21,535.21,-49.210000000000036,535.21
339,Thomas,2:53:00,6/22/15,917,85,538.84,378.15999999999997,538.84
340,Thomas,2:53:00,6/22/15,12,14,529.41,-517.41,529.41
341,Thomas,2:53:00,6/22/15,866,90,528.55,337.45000000000005,528.55
342,Thomas,2:54:00,6/22/15,51,10,522.86,-471.86,522.86
343,Thomas,2:54:00,6/22/15,878,100,530.96,347.03999999999996,530.96
344,Thomas,2:54:00,6/22/15,404,5,528.99,-124.99000000000001,528.99
345,Thomas,2:55:00,6/22/15,874,47,533.63,340.37,533.63
346,Thomas,2:55:00,6/22/15,282,84,530.77,-248.76999999999998,530.77
347,Thomas,2:55:00,6/22/15,974,91,530.93,443.07000000000005,530.93
348,Thomas,2:56:00,6/22/15,211,85,526.92,-315.91999999999996,526.92
349,Thomas,2:56:00,6/22/15,872,71,527.34,344.65999999999997,527.34
350,Thomas,2:56:00,6/22/15,530,24,524.19,5.809999999999945,524.19
351,Thomas,2:57:00,6/22/15,888,83,523.41,364.59000000000003,523.41
352,Thomas,2:57:00,6/22/15,640,88,525.11,114.88999999999999,525.11
353,Thomas,2:57:00,6/22/15,295,6,525.18,-230.17999999999995,525.18
354,Thomas,2:58:00,6/22/15,199,54,522.24,-323.24,522.24
355,Thomas,2:58:00,6/22/15,772,92,527.36,244.64,527.36
356,Thomas,2:58:00,6/22/15,176,92,520.02,-344.02,520.02
357,Thomas,2:59:00,6/22/15,66,92,511.65,-445.65,511.65
358,Thomas,2:59:00,6/22/15,469,14,506.54,-37.54000000000002,506.54
359,Thomas,2:59:00,6/22/15,404,35,508.44,-104.44,508.44
360,Thomas,3:00:00,6/22/15,501,17,503.85,-2.8500000000000227,503.85
361,Thomas,3:00:00,6/22/15,365,86,507.4,-142.39999999999998,507.4
362,Thomas,3:00:00,6/22/15,58,88,502.12,-444.12,502.12
363,Thomas,3:01:00,6/22/15,9,90,493.16,-484.16,493.16
364,Thomas,3:01:00,6/22/15,204,10,486.17,-282.17,486.17
365,Thomas,3:01:00,6/22/15,447,61,485.08,-38.079999999999984,485.08
366,Thomas,3:02:00,6/22/15,665,25,491.58,173.42000000000002,491.58
367,Thomas,3:02:00,6/22/15,186,26,487.2,-301.2,487.2
368,Thomas,3:02:00,6/22/15,987,52,495.37,491.63,495.37
369,Thomas,3:03:00,6/22/15,300,3,493.46,-193.45999999999998,493.46
370,Thomas,3:03:00,6/22/15,65,66,485.39,-420.39,485.39
371,Thomas,3:03:00,6/22/15,458,87,483.33,-25.329999999999984,483.33
372,Thomas,3:04:00,6/22/15,579,12,485.64,93.36000000000001,485.64
373,Thomas,3:04:00,6/22/15,154,100,484.61,-330.61,484.61
374,Thomas,3:04:00,6/22/15,492,93,481.69,10.310000000000002,481.69
375,Thomas,3:05:00,6/22/15,565,18,481.2,83.80000000000001,481.2
376,Thomas,3:05:00,6/22/15,197,58,476.94,-279.94,476.94
377,Thomas,3:05:00,6/22/15,398,65,479.39,-81.38999999999999,479.39
378,Thomas,3:06:00,6/22/15,507,90,483.91,23.089999999999975,483.91
379,Thomas,3:06:00,6/22/15,877,30,488.0,389.0,488.0
380,Thomas,3:06:00,6/22/15,3,73,483.85,-480.85,483.85
381,Thomas,3:07:00,6/22/15,304,23,486.01,-182.01,486.01
382,Thomas,3:07:00,6/22/15,686,21,492.74,193.26,492.74
383,Thomas,3:07:00,6/22/15,670,98,497.2,172.8,497.2
384,Thomas,3:08:00,6/22/15,945,73,499.4,445.6,499.4
385,Thomas,3:08:00,6/22/15,420,92,501.8,-81.80000000000001,501.8
386,Thomas,3:08:00,6/22/15,932,30,510.44,421.56,510.44
387,Thomas,3:09:00,6/22/15,902,54,511.5,390.5,511.5
388,Thomas,3:09:00,6/22/15,532,27,516.28,15.720000000000027,516.28
389,Thomas,3:09:00,6/22/15,392,79,516.12,-124.12,516.12
390,Thomas,3:10:00,6/22/15,538,87,514.74,23.25999999999999,514.74
391,Thomas,3:10:00,6/22/15,477,95,515.74,-38.74000000000001,515.74
392,Thomas,3:10:00,6/22/15,443,91,519.21,-76.21000000000004,519.21
393,Thomas,3:11:00,6/22/15,704,26,518.9,185.10000000000002,518.9
394,Thomas,3:11:00,6/22/15,97,22,512.71,-415.71000000000004,512.71
395,Thomas,3:11:00,6/22/15,232,57,508.07,-276.07,508.07
396,Thomas,3:12:00,6/22/15,407,8,502.74,-95.74000000000001,502.74
397,Thomas,3:12:00,6/22/15,993,14,502.89,490.11,502.89
398,Thomas,3:12:00,6/22/15,318,89,496.57,-178.57,496.57
399,Thomas,3:13:00,6/22/15,190,63,495.24,-305.24,495.24
400,Thomas,3:13:00,6/22/15,817,63,493.72,323.28,493.72
401,Thomas,3:13:00,6/22/15,480,76,495.0,-15.0,495.0
402,Thomas,3:14:00,6/22/15,322,30,498.06,-176.06,498.06
403,Thomas,3:14:00,6/22/15,557,80,496.07,60.93000000000001,496.07
404,Thomas,3:14:00,6/22/15,916,47,503.69,412.31,503.69
405,Thomas,3:15:00,6/22/15,274,95,501.66,-227.66000000000003,501.66
406,Thomas,3:15:00,6/22/15,302,8,496.93,-194.93,496.93
407,Thomas,3:15:00,6/22/15,33,28,493.77,-460.77,493.77
408,Thomas,3:16:00,6/22/15,67,14,493.19,-426.19,493.19
409,Thomas,3:16:00,6/22/15,475,54,492.15,-17.149999999999977,492.15
410,Thomas,3:16:00,6/22/15,846,98,490.62,355.38,490.62
411,Thomas,3:17:00,6/22/15,149,49,490.72,-341.72,490.72
412,Thomas,3:17:00,6/22/15,833,41,497.26,335.74,497.26
413,Thomas,3:17:00,6/22/15,128,80,496.65,-368.65,496.65
414,Thomas,3:18:00,6/22/15,6,64,487.85,-481.85,487.85
415,Thomas,3:18:00,6/22/15,935,96,492.3,442.7,492.3
416,Thomas,3:18:00,6/22/15,765,29,491.79,273.21,491.79
417,Thomas,3:19:00,6/22/15,48,63,488.96,-440.96,488.96
418,Thomas,3:19:00,6/22/15,367,19,484.13,-117.13,484.13
419,Thomas,3:19:00,6/22/15,622,2,486.89,135.11,486.89
420,Thomas,3:20:00,6/22/15,245,49,479.42,-234.42000000000002,479.42
421,Thomas,3:20:00,6/22/15,179,88,473.91,-294.91,473.91
422,Thomas,3:20:00,6/22/15,837,20,478.54,358.46,478.54
423,Thomas,3:21:00,6/22/15,50,20,473.55,-423.55,473.55
424,Thomas,3:21:00,6/22/15,336,5,466.97,-130.97000000000003,466.97
425,Thomas,3:21:00,6/22/15,249,24,468.61,-219.61,468.61
426,Thomas,3:22:00,6/22/15,607,49,472.37,134.63,472.37
427,Thomas,3:22:00,6/22/15,961,93,476.25,484.75,476.25
428,Thomas,3:22:00,6/22/15,169,59,471.16,-302.16,471.16
429,Thomas,3:23:00,6/22/15,434,68,465.69,-31.689999999999998,465.69
430,Thomas,3:23:00,6/22/15,275,29,465.75,-190.75,465.75
431,Thomas,3:23:00,6/22/15,739,77,463.69,275.31,463.69
432,Thomas,3:24:00,6/22/15,434,21,461.77,-27.769999999999982,461.77
433,Thomas,3:24:00,6/22/15,363,16,456.47,-93.47000000000003,456.47
434,Thomas,3:24:00,6/22/15,94,15,456.97,-362.97,456.97
435,Thomas,3:25:00,6/22/15,144,8,454.41,-310.41,454.41
436,Thomas,3:25:00,6/22/15,113,83,446.58,-333.58,446.58
437,Thomas,3:25:00,6/22/15,823,85,454.59,368.41,454.59
438,Thomas,3:26:00,6/22/15,650,42,456.23,193.76999999999998,456.23
439,Thomas,3:26:00,6/22/15,890,75,455.96,434.04,455.96
440,Thomas,3:26:00,6/22/15,320,58,459.04,-139.04000000000002,459.04
441,Thomas,3:27:00,6/22/15,136,3,451.74,-315.74,451.74
442,Thomas,3:27:00,6/22/15,376,31,454.99,-78.99000000000001,454.99
443,Thomas,3:27:00,6/22/15,413,83,450.34,-37.339999999999975,450.34
444,Thomas,3:28:00,6/22/15,307,25,449.37,-142.37,449.37
445,Thomas,3:28:00,6/22/15,344,50,444.07,-100.07,444.07
446,Thomas,3:28:00,6/22/15,887,5,450.12,436.88,450.12
447,Thomas,3:29:00,6/22/15,781,11,448.19,332.81,448.19
448,Thomas,3:29:00,6/22/15,873,97,454.81,418.19,454.81
449,Thomas,3:29:00,6/22/15,701,9,453.1,247.89999999999998,453.1
450,Thomas,3:30:00,6/22/15,941,79,457.21,483.79,457.21
451,Thomas,3:30:00,6/22/15,684,74,455.17,228.82999999999998,455.17
452,Thomas,3:30:00,6/22/15,251,9,451.28,-200.27999999999997,451.28
453,Thomas,3:31:00,6/22/15,478,79,453.11,24.889999999999986,453.11
454,Thomas,3:31:00,6/22/15,564,61,456.76,107.24000000000001,456.76
455,Thomas,3:31:00,6/22/15,10,92,449.14,-439.14,449.14
456,Thomas,3:32:00,6/22/15,790,22,455.28,334.72,455.28
457,Thomas,3:32:00,6/22/15,805,14,462.67,342.33,462.67
458,Thomas,3:32:00,6/22/15,554,44,463.52,90.48000000000002,463.52
459,Thomas,3:33:00,6/22/15,383,2,463.31,-80.31,463.31
460,Thomas,3:33:00,6/22/15,352,85,461.82,-109.82,461.82
461,Thomas,3:33:00,6/22/15,865,10,466.82,398.18,466.82
462,Thomas,3:34:00,6/22/15,328,8,469.52,-141.51999999999998,469.52
463,Thomas,3:34:00,6/22/15,158,52,471.01,-313.01,471.01
464,Thomas,3:34:00,6/22/15,195,7,470.92,-275.92,470.92
465,Thomas,3:35:00,6/22/15,560,95,472.05,87.94999999999999,472.05
466,Thomas,3:35:00,6/22/15,260,20,468.0,-208.0,468.0
467,Thomas,3:35:00,6/22/15,784,31,473.98,310.02,473.98
468,Thomas,3:36:00,6/22/15,314,88,467.25,-153.25,467.25
469,Thomas,3:36:00,6/22/15,340,34,467.65,-127.64999999999998,467.65
470,Thomas,3:36:00,6/22/15,61,21,467.61,-406.61,467.61
471,Thomas,3:37:00,6/22/15,586,5,468.89,117.11000000000001,468.89
472,Thomas,3:37:00,6/22/15,691,68,470.01,220.99,470.01
473,Thomas,3:37:00,6/22/15,832,2,476.79,355.21,476.79
474,Thomas,3:38:00,6/22/15,60,64,472.47,-412.47,472.47
475,Thomas,3:38:00,6/22/15,201,86,468.83,-267.83,468.83
476,Thomas,3:38:00,6/22/15,669,23,473.55,195.45,473.55
477,Thomas,3:39:00,6/22/15,608,49,475.65,132.35000000000002,475.65
478,Thomas,3:39:00,6/22/15,738,85,477.96,260.04,477.96
479,Thomas,3:39:00,6/22/15,943,99,478.62,464.38,478.62
480,Thomas,3:40:00,6/22/15,169,61,480.28,-311.28,480.28
481,Thomas,3:40:00,6/22/15,949,4,486.73,462.27,486.73
482,Thomas,3:40:00,6/22/15,340,75,483.27,-143.26999999999998,483.27
483,Thomas,3:41:00,6/22/15,679,61,483.36,195.64,483.36
484,Thomas,3:41:00,6/22/15,688,60,480.79,207.20999999999998,480.79
485,Thomas,3:41:00,6/22/15,901,92,485.6,415.4,485.6
486,Thomas,3:42:00,6/22/15,506,8,481.34,24.660000000000025,481.34
487,Thomas,3:42:00,6/22/15,166,32,473.98,-307.98,473.98
488,Thomas,3:42:00,6/22/15,845,67,477.11,367.89,477.11
489,Thomas,3:43:00,6/22/15,575,64,478.94,96.06,478.94
490,Thomas,3:43:00,6/22/15,916,63,482.72,433.28,482.72
491,Thomas,3:43:00,6/22/15,286,27,480.81,-194.81,480.81
492,Thomas,3:44:00,6/22/15,504,22,481.42,22.579999999999984,481.42
493,Thomas,3:44:00,6/22/15,160,95,475.98,-315.98,475.98
494,Thomas,3:44:00,6/22/15,312,40,478.13,-166.13,478.13
495,Thomas,3:45:00,6/22/15,683,99,482.64,200.36,482.64
496,Thomas,3:45:00,6/22/15,782,44,486.39,295.61,486.39
497,Thomas,3:45:00,6/22/15,627,87,482.73,144.26999999999998,482.73
498,Thomas,3:46:00,6/22/15,368,34,483.23,-115.23000000000002,483.23
499,Thomas,3:46:00,6/22/15,901,14,490.34,410.66,490.34
500,Thomas,3:46:00,6/22/15,621,47,488.38,132.62,488.38
501,Thomas,3:47:00,6/22/15,464,46,488.22,-24.220000000000027,488.22
502,Thomas,3:47:00,6/22/15,586,73,490.86,95.13999999999999,490.86
503,Thomas,3:47:00,6/22/15,240,86,487.69,-247.69,487.69
504,Thomas,3:48:00,6/22/15,869,17,487.22,381.78,487.22
505,Thomas,3:48:00,6/22/15,122,61,485.7,-363.7,485.7
506,Thomas,3:48:00,6/22/15,231,30,484.99,-253.99,484.99
507,Thomas,3:49:00,6/22/15,137,22,486.03,-349.03,486.03
508,Thomas,3:49:00,6/22/15,758,50,492.94,265.06,492.94
509,Thomas,3:49:00,6/22/15,73,84,488.92,-415.92,488.92
510,Thomas,3:50:00,6/22/15,556,40,486.02,69.98000000000002,486.02
511,Thomas,3:50:00,6/22/15,448,92,489.01,-41.00999999999999,489.01
512,Thomas,3:50:00,6/22/15,379,13,484.47,-105.47000000000003,484.47
513,Thomas,3:51:00,6/22/15,359,37,486.78,-127.77999999999997,486.78
514,Thomas,3:51:00,6/22/15,520,81,491.92,28.079999999999984,491.92
515,Thomas,3:51:00,6/22/15,371,17,486.28,-115.27999999999997,486.28
516,Thomas,3:52:00,6/22/15,57,16,479.2,-422.2,479.2
517,Thomas,3:52:00,6/22/15,752,18,486.24,265.76,486.24
518,Thomas,3:52:00,6/22/15,613,31,488.7,124.30000000000001,488.7
519,Thomas,3:53:00,6/22/15,669,50,489.17,179.82999999999998,489.17
520,Thomas,3:53:00,6/22/15,250,32,489.22,-239.22000000000003,489.22
521,Thomas,3:53:00,6/22/15,887,98,496.3,390.7,496.3
522,Thomas,3:54:00,6/22/15,109,96,489.02,-380.02,489.02
523,Thomas,3:54:00,6/22/15,667,26,495.19,171.81,495.19
524,Thomas,3:54:00,6/22/15,588,41,497.71,90.29000000000002,497.71
525,Thomas,3:55:00,6/22/15,440,26,499.62,-59.620000000000005,499.62
526,Thomas,3:55:00,6/22/15,878,9,502.33,375.67,502.33
527,Thomas,3:55:00,6/22/15,202,28,494.74,-292.74,494.74
528,Thomas,3:56:00,6/22/15,118,65,494.23,-376.23,494.23
529,Thomas,3:56:00,6/22/15,792,33,497.81,294.19,497.81
530,Thomas,3:56:00,6/22/15,211,99,497.17,-286.17,497.17
531,Thomas,3:57:00,6/22/15,188,87,491.66,-303.66,491.66
532,Thomas,3:57:00,6/22/15,695,73,494.27,200.73000000000002,494.27
533,Thomas,3:57:00,6/22/15,776,72,498.4,277.6,498.4
534,Thomas,3:58:00,6/22/15,973,97,507.19,465.81,507.19
535,Thomas,3:58:00,6/22/15,533,74,511.08,21.920000000000016,511.08
536,Thomas,3:58:00,6/22/15,428,12,514.23,-86.23000000000002,514.23
537,Thomas,3:59:00,6/22/15,208,5,508.08,-300.08,508.08
538,Thomas,3:59:00,6/22/15,355,16,505.13,-150.13,505.13
539,Thomas,3:59:00,6/22/15,510,36,501.33,8.670000000000016,501.33
540,Thomas,4:00:00,6/22/15,67,59,498.8,-431.8,498.8
541,Thomas,4:00:00,6/22/15,443,49,501.87,-58.870000000000005,501.87
542,Thomas,4:00:00,6/22/15,503,8,503.14,-0.13999999999998636,503.14
543,Thomas,4:01:00,6/22/15,134,96,500.35,-366.35,500.35
544,Thomas,4:01:00,6/22/15,2,29,497.3,-495.3,497.3
545,Thomas,4:01:00,6/22/15,32,13,494.18,-462.18,494.18
546,Thomas,4:02:00,6/22/15,620,57,491.51,128.49,491.51
547,Thomas,4:02:00,6/22/15,954,33,493.24,460.76,493.24
548,Thomas,4:02:00,6/22/15,40,20,484.91,-444.91,484.91
549,Thomas,4:03:00,6/22/15,511,94,483.01,27.99000000000001,483.01
550,Thomas,4:03:00,6/22/15,297,25,476.57,-179.57,476.57
551,Thomas,4:03:00,6/22/15,917,56,478.9,438.1,478.9
552,Thomas,4:04:00,6/22/15,756,20,483.95,272.05,483.95
553,Thomas,4:04:00,6/22/15,665,72,485.82,179.18,485.82
554,Thomas,4:04:00,6/22/15,894,66,489.12,404.88,489.12
555,Thomas,4:05:00,6/22/15,550,12,494.52,55.48000000000002,494.52
556,Thomas,4:05:00,6/22/15,797,12,494.59,302.41,494.59
557,Thomas,4:05:00,6/22/15,195,3,488.49,-293.49,488.49
558,Thomas,4:06:00,6/22/15,301,58,485.96,-184.95999999999998,485.96
559,Thomas,4:06:00,6/22/15,596,24,488.09,107.91000000000003,488.09
560,Thomas,4:06:00,6/22/15,382,70,488.39,-106.38999999999999,488.39
561,Thomas,4:07:00,6/22/15,17,91,479.91,-462.91,479.91
562,Thomas,4:07:00,6/22/15,340,97,480.03,-140.02999999999997,480.03
563,Thomas,4:07:00,6/22/15,139,8,479.84,-340.84,479.84
564,Thomas,4:08:00,6/22/15,560,86,483.49,76.50999999999999,483.49
565,Thomas,4:08:00,6/22/15,811,12,486.0,325.0,486.0
566,Thomas,4:08:00,6/22/15,165,4,485.05,-320.05,485.05
567,Thomas,4:09:00,6/22/15,212,78,479.33,-267.33,479.33
568,Thomas,4:09:00,6/22/15,952,69,485.71,466.29,485.71
569,Thomas,4:09:00,6/22/15,388,90,486.19,-98.19,486.19
570,Thomas,4:10:00,6/22/15,7,90,485.65,-478.65,485.65
571,Thomas,4:10:00,6/22/15,25,9,480.04,-455.04,480.04
572,Thomas,4:10:00,6/22/15,94,49,474.07,-380.07,474.07
573,Thomas,4:11:00,6/22/15,7,19,465.82,-458.82,465.82
574,Thomas,4:11:00,6/22/15,355,86,468.77,-113.76999999999998,468.77
575,Thomas,4:11:00,6/22/15,372,60,470.48,-98.48000000000002,470.48
576,Thomas,4:12:00,6/22/15,258,12,466.37,-208.37,466.37
577,Thomas,4:12:00,6/22/15,899,58,469.28,429.72,469.28
578,Thomas,4:12:00,6/22/15,507,34,466.97,40.02999999999997,466.97
579,Thomas,4:13:00,6/22/15,787,54,465.41,321.59,465.41
580,Thomas,4:13:00,6/22/15,304,23,466.76,-162.76,466.76
581,Thomas,4:13:00,6/22/15,682,81,464.09,217.91000000000003,464.09
582,Thomas,4:14:00,6/22/15,849,88,469.18,379.82,469.18
583,Thomas,4:14:00,6/22/15,623,25,468.62,154.38,468.62
584,Thomas,4:14:00,6/22/15,837,96,470.11,366.89,470.11
585,Thomas,4:15:00,6/22/15,868,11,469.78,398.22,469.78
586,Thomas,4:15:00,6/22/15,511,49,469.83,41.170000000000016,469.83
587,Thomas,4:15:00,6/22/15,960,60,477.77,482.23,477.77
588,Thomas,4:16:00,6/22/15,711,88,476.43,234.57,476.43
589,Thomas,4:16:00,6/22/15,331,8,473.99,-142.99,473.99
590,Thomas,4:16:00,6/22/15,389,28,468.72,-79.72000000000003,468.72
591,Thomas,4:17:00,6/22/15,43,44,466.29,-423.29,466.29
592,Thomas,4:17:00,6/22/15,826,51,469.51,356.49,469.51
593,Thomas,4:17:00,6/22/15,872,95,476.63,395.37,476.63
594,Thomas,4:18:00,6/22/15,304,31,476.55,-172.55,476.55
595,Thomas,4:18:00,6/22/15,108,63,470.8,-362.8,470.8
596,Thomas,4:18:00,6/22/15,820,43,471.18,348.82,471.18
597,Thomas,4:19:00,6/22/15,753,27,472.44,280.56,472.44
598,Thomas,4:19:00,6/22/15,776,39,476.52,299.48,476.52
599,Thomas,4:19:00,6/22/15,64,87,468.15,-404.15,468.15
600,Thomas,4:20:00,6/22/15,903,11,470.97,432.03,470.97
601,Thomas,4:20:00,6/22/15,220,49,468.53,-248.52999999999997,468.53
602,Thomas,4:20:00,6/22/15,22,27,462.89,-440.89,462.89
603,Thomas,4:21:00,6/22/15,244,5,462.93,-218.93,462.93
604,Thomas,4:21:00,6/22/15,970,31,463.94,506.06,463.94
605,Thomas,4:21:00,6/22/15,450,40,467.22,-17.220000000000027,467.22
606,Thomas,4:22:00,6/22/15,475,93,469.66,5.339999999999975,469.66
607,Thomas,4:22:00,6/22/15,46,27,468.75,-422.75,468.75
608,Thomas,4:22:00,6/22/15,461,58,465.78,-4.779999999999973,465.78
609,Thomas,4:23:00,6/22/15,954,61,474.59,479.41,474.59
610,Thomas,4:23:00,6/22/15,844,16,477.47,366.53,477.47
611,Thomas,4:23:00,6/22/15,244,16,475.43,-231.43,475.43
612,Thomas,4:24:00,6/22/15,113,55,472.77,-359.77,472.77
613,Thomas,4:24:00,6/22/15,646,48,475.64,170.36,475.64
614,Thomas,4:24:00,6/22/15,518,34,475.62,42.379999999999995,475.62
615,Thomas,4:25:00,6/22/15,584,34,477.75,106.25,477.75
616,Thomas,4:25:00,6/22/15,836,51,485.54,350.46,485.54
617,Thomas,4:25:00,6/22/15,810,48,486.12,323.88,486.12
618,Thomas,4:26:00,6/22/15,60,2,480.59,-420.59,480.59
619,Thomas,4:26:00,6/22/15,894,46,482.84,411.16,482.84
620,Thomas,4:26:00,6/22/15,211,68,482.45,-271.45,482.45
621,Thomas,4:27:00,6/22/15,438,57,477.96,-39.95999999999998,477.96
622,Thomas,4:27:00,6/22/15,491,34,481.78,9.220000000000027,481.78
623,Thomas,4:27:00,6/22/15,630,70,481.41,148.58999999999997,481.41
624,Thomas,4:28:00,6/22/15,390,57,479.43,-89.43,479.43
625,Thomas,4:28:00,6/22/15,157,27,476.6,-319.6,476.6
626,Thomas,4:28:00,6/22/15,87,65,468.69,-381.69,468.69
627,Thomas,4:29:00,6/22/15,128,55,467.95,-339.95,467.95
628,Thomas,4:29:00,6/22/15,594,65,472.71,121.29000000000002,472.71
629,Thomas,4:29:00,6/22/15,598,52,470.77,127.23000000000002,470.77
630,Thomas,4:30:00,6/22/15,499,1,473.65,25.350000000000023,473.65
631,Thomas,4:30:00,6/22/15,657,79,478.34,178.66000000000003,478.34
632,Thomas,4:30:00,6/22/15,791,79,479.3,311.7,479.3
633,Thomas,4:31:00,6/22/15,75,51,472.29,-397.29,472.29
634,Thomas,4:31:00,6/22/15,737,71,469.93,267.07,469.93
635,Thomas,4:31:00,6/22/15,948,1,474.08,473.92,474.08
636,Thomas,4:32:00,6/22/15,587,95,475.67,111.32999999999998,475.67
637,Thomas,4:32:00,6/22/15,952,17,483.11,468.89,483.11
638,Thomas,4:32:00,6/22/15,386,63,483.42,-97.42000000000002,483.42
639,Thomas,4:33:00,6/22/15,196,89,480.28,-284.28,480.28
640,Thomas,4:33:00,6/22/15,807,56,487.68,319.32,487.68
641,Thomas,4:33:00,6/22/15,901,90,492.26,408.74,492.26
642,Thomas,4:34:00,6/22/15,950,28,496.73,453.27,496.73
643,Thomas,4:34:00,6/22/15,43,31,495.82,-452.82,495.82
644,Thomas,4:34:00,6/22/15,428,18,500.08,-72.07999999999998,500.08
645,Thomas,4:35:00,6/22/15,501,90,504.77,-3.769999999999982,504.77
646,Thomas,4:35:00,6/22/15,622,92,504.79,117.20999999999998,504.79
647,Thomas,4:35:00,6/22/15,958,87,504.83,453.17,504.83
648,Thomas,4:36:00,6/22/15,312,8,507.55,-195.55,507.55
649,Thomas,4:36:00,6/22/15,992,75,512.36,479.64,512.36
650,Thomas,4:36:00,6/22/15,548,63,514.87,33.129999999999995,514.87
651,Thomas,4:37:00,6/22/15,552,79,511.22,40.77999999999997,511.22
652,Thomas,4:37:00,6/22/15,563,72,509.29,53.70999999999998,509.29
653,Thomas,4:37:00,6/22/15,428,53,506.92,-78.92000000000002,506.92
654,Thomas,4:38:00,6/22/15,72,9,498.7,-426.7,498.7
655,Thomas,4:38:00,6/22/15,297,84,496.17,-199.17000000000002,496.17
656,Thomas,4:38:00,6/22/15,696,98,495.16,200.83999999999997,495.16
657,Thomas,4:39:00,6/22/15,423,66,497.44,-74.44,497.44
658,Thomas,4:39:00,6/22/15,830,44,502.73,327.27,502.73
659,Thomas,4:39:00,6/22/15,716,90,503.93,212.07,503.93
660,Thomas,4:40:00,6/22/15,592,81,506.03,85.97000000000003,506.03
661,Thomas,4:40:00,6/22/15,962,29,515.48,446.52,515.48
662,Thomas,4:40:00,6/22/15,563,73,517.71,45.289999999999964,517.71
663,Thomas,4:41:00,6/22/15,612,50,522.44,89.55999999999995,522.44
664,Thomas,4:41:00,6/22/15,895,40,525.79,369.21000000000004,525.79
665,Thomas,4:41:00,6/22/15,900,50,526.68,373.32000000000005,526.68
666,Thomas,4:42:00,6/22/15,152,62,526.55,-374.54999999999995,526.55
667,Thomas,4:42:00,6/22/15,797,10,532.4,264.6,532.4
668,Thomas,4:42:00,6/22/15,985,14,532.73,452.27,532.73
669,Thomas,4:43:00,6/22/15,110,81,529.95,-419.95000000000005,529.95
670,Thomas,4:43:00,6/22/15,993,61,539.81,453.19000000000005,539.81
671,Thomas,4:43:00,6/22/15,862,47,548.18,313.82000000000005,548.18
672,Thomas,4:44:00,6/22/15,729,39,554.53,174.47000000000003,554.53
673,Thomas,4:44:00,6/22/15,253,97,556.99,-303.99,556.99
674,Thomas,4:44:00,6/22/15,46,57,553.9,-507.9,553.9
675,Thomas,4:45:00,6/22/15,57,95,550.75,-493.75,550.75
676,Thomas,4:45:00,6/22/15,615,23,554.32,60.67999999999995,554.32
677,Thomas,4:45:00,6/22/15,517,9,550.5,-33.5,550.5
678,Thomas,4:46:00,6/22/15,827,74,553.7,273.29999999999995,553.7
679,Thomas,4:46:00,6/22/15,499,18,550.82,-51.82000000000005,550.82
680,Thomas,4:46:00,6/22/15,630,97,554.08,75.91999999999996,554.08
681,Thomas,4:47:00,6/22/15,129,96,548.55,-419.54999999999995,548.55
682,Thomas,4:47:00,6/22/15,80,54,540.86,-460.86,540.86
683,Thomas,4:47:00,6/22/15,349,5,538.12,-189.12,538.12
684,Thomas,4:48:00,6/22/15,585,88,535.6,49.39999999999998,535.6
685,Thomas,4:48:00,6/22/15,882,64,535.74,346.26,535.74
686,Thomas,4:48:00,6/22/15,167,29,532.3,-365.29999999999995,532.3
687,Thomas,4:49:00,6/22/15,144,41,524.14,-380.14,524.14
688,Thomas,4:49:00,6/22/15,297,42,520.0,-223.0,520.0
689,Thomas,4:49:00,6/22/15,799,45,524.68,274.32000000000005,524.68
690,Thomas,4:50:00,6/22/15,566,68,526.45,39.549999999999955,526.45
691,Thomas,4:50:00,6/22/15,147,47,527.49,-380.49,527.49
692,Thomas,4:50:00,6/22/15,780,29,527.03,252.97000000000003,527.03
693,Thomas,4:51:00,6/22/15,319,10,521.5,-202.5,521.5
694,Thomas,4:51:00,6/22/15,926,4,527.72,398.28,527.72
695,Thomas,4:51:00,6/22/15,287,86,529.51,-242.51,529.51
696,Thomas,4:52:00,6/22/15,906,29,530.37,375.63,530.37
697,Thomas,4:52:00,6/22/15,45,33,523.29,-478.28999999999996,523.29
698,Thomas,4:52:00,6/22/15,890,67,524.43,365.57000000000005,524.43
699,Thomas,4:53:00,6/22/15,795,40,531.74,263.26,531.74
700,Thomas,4:53:00,6/22/15,57,55,523.28,-466.28,523.28
701,Thomas,4:53:00,6/22/15,961,24,530.69,430.30999999999995,530.69
702,Thomas,4:54:00,6/22/15,838,42,538.85,299.15,538.85
703,Thomas,4:54:00,6/22/15,28,90,536.69,-508.69000000000005,536.69
704,Thomas,4:54:00,6/22/15,487,4,531.86,-44.860000000000014,531.86
705,Thomas,4:55:00,6/22/15,733,42,534.69,198.30999999999995,534.69
706,Thomas,4:55:00,6/22/15,762,8,537.56,224.44000000000005,537.56
707,Thomas,4:55:00,6/22/15,592,100,543.02,48.98000000000002,543.02
708,Thomas,4:56:00,6/22/15,302,1,541.43,-239.42999999999995,541.43
709,Thomas,4:56:00,6/22/15,334,97,535.23,-201.23000000000002,535.23
710,Thomas,4:56:00,6/22/15,746,71,534.25,211.75,534.25
711,Thomas,4:57:00,6/22/15,851,7,540.32,310.67999999999995,540.32
712,Thomas,4:57:00,6/22/15,109,49,540.28,-431.28,540.28
713,Thomas,4:57:00,6/22/15,785,57,541.67,243.33000000000004,541.67
714,Thomas,4:58:00,6/22/15,841,47,544.9,296.1,544.9
715,Thomas,4:58:00,6/22/15,593,21,544.99,48.00999999999999,544.99
716,Thomas,4:58:00,6/22/15,140,57,538.03,-398.03,538.03
717,Thomas,4:59:00,6/22/15,358,4,533.51,-175.51,533.51
718,Thomas,4:59:00,6/22/15,813,61,541.04,271.96000000000004,541.04
719,Thomas,4:59:00,6/22/15,254,4,534.64,-280.64,534.64
720,Thomas,5:00:00,6/22/15,211,63,534.64,-323.64,534.64
721,Thomas,5:00:00,6/22/15,671,61,536.97,134.02999999999997,536.97
722,Thomas,5:00:00,6/22/15,528,49,537.34,-9.340000000000032,537.34
723,Thomas,5:01:00,6/22/15,498,63,536.02,-38.01999999999998,536.02
724,Thomas,5:01:00,6/22/15,642,42,538.54,103.46000000000004,538.54
725,Thomas,5:01:00,6/22/15,459,86,541.56,-82.55999999999995,541.56
726,Thomas,5:02:00,6/22/15,465,99,545.34,-80.34000000000003,545.34
727,Thomas,5:02:00,6/22/15,2,21,544.08,-542.08,544.08
728,Thomas,5:02:00,6/22/15,417,4,542.31,-125.30999999999995,542.31
729,Thomas,5:03:00,6/22/15,776,7,544.09,231.90999999999997,544.09
730,Thomas,5:03:00,6/22/15,349,12,542.59,-193.59000000000003,542.59
731,Thomas,5:03:00,6/22/15,528,87,541.3,-13.299999999999955,541.3
732,Thomas,5:04:00,6/22/15,438,93,537.77,-99.76999999999998,537.77
733,Thomas,5:04:00,6/22/15,941,91,546.43,394.57000000000005,546.43
734,Thomas,5:04:00,6/22/15,312,22,542.18,-230.17999999999995,542.18
735,Thomas,5:05:00,6/22/15,921,2,541.91,379.09000000000003,541.91
736,Thomas,5:05:00,6/22/15,24,65,536.28,-512.28,536.28
737,Thomas,5:05:00,6/22/15,387,56,530.63,-143.63,530.63
738,Thomas,5:06:00,6/22/15,885,96,535.62,349.38,535.62
739,Thomas,5:06:00,6/22/15,651,3,540.17,110.83000000000004,540.17
740,Thomas,5:06:00,6/22/15,794,16,540.04,253.96000000000004,540.04
741,Thomas,5:07:00,6/22/15,914,18,540.17,373.83000000000004,540.17
742,Thomas,5:07:00,6/22/15,861,24,539.28,321.72,539.28
743,Thomas,5:07:00,6/22/15,47,9,539.32,-492.32000000000005,539.32
744,Thomas,5:08:00,6/22/15,533,25,540.37,-7.3700000000000045,540.37
745,Thomas,5:08:00,6/22/15,836,57,543.72,292.28,543.72
746,Thomas,5:08:00,6/22/15,985,91,547.35,437.65,547.35
747,Thomas,5:09:00,6/22/15,886,27,546.63,339.37,546.63
748,Thomas,5:09:00,6/22/15,786,54,551.37,234.63,551.37
749,Thomas,5:09:00,6/22/15,836,24,549.81,286.19000000000005,549.81
750,Thomas,5:10:00,6/22/15,210,4,546.43,-336.42999999999995,546.43
751,Thomas,5:10:00,6/22/15,825,37,549.16,275.84000000000003,549.16
752,Thomas,5:10:00,6/22/15,808,100,551.61,256.39,551.61
753,Thomas,5:11:00,6/22/15,707,38,554.4,152.60000000000002,554.4
754,Thomas,5:11:00,6/22/15,484,15,558.52,-74.51999999999998,558.52
755,Thomas,5:11:00,6/22/15,453,2,560.08,-107.08000000000004,560.08
756,Thomas,5:12:00,6/22/15,712,89,560.24,151.76,560.24
757,Thomas,5:12:00,6/22/15,766,42,563.67,202.33000000000004,563.67
758,Thomas,5:12:00,6/22/15,495,39,560.32,-65.32000000000005,560.32
759,Thomas,5:13:00,6/22/15,663,54,559.79,103.21000000000004,559.79
760,Thomas,5:13:00,6/22/15,46,84,554.33,-508.33000000000004,554.33
761,Thomas,5:13:00,6/22/15,867,46,553.38,313.62,553.38
762,Thomas,5:14:00,6/22/15,126,76,549.01,-423.01,549.01
763,Thomas,5:14:00,6/22/15,717,48,550.06,166.94000000000005,550.06
764,Thomas,5:14:00,6/22/15,317,74,544.28,-227.27999999999997,544.28
765,Thomas,5:15:00,6/22/15,662,7,541.9,120.10000000000002,541.9
766,Thomas,5:15:00,6/22/15,113,81,541.51,-428.51,541.51
767,Thomas,5:15:00,6/22/15,405,18,537.59,-132.59000000000003,537.59
768,Thomas,5:16:00,6/22/15,157,77,529.31,-372.30999999999995,529.31
769,Thomas,5:16:00,6/22/15,229,93,530.5,-301.5,530.5
770,Thomas,5:16:00,6/22/15,496,31,525.53,-29.529999999999973,525.53
771,Thomas,5:17:00,6/22/15,473,23,521.64,-48.639999999999986,521.64
772,Thomas,5:17:00,6/22/15,460,42,518.95,-58.950000000000045,518.95
773,Thomas,5:17:00,6/22/15,18,59,516.6,-498.6,516.6
774,Thomas,5:18:00,6/22/15,471,76,520.85,-49.85000000000002,520.85
775,Thomas,5:18:00,6/22/15,949,92,529.77,419.23,529.77
776,Thomas,5:18:00,6/22/15,976,52,533.38,442.62,533.38
777,Thomas,5:19:00,6/22/15,137,17,529.58,-392.58000000000004,529.58
778,Thomas,5:19:00,6/22/15,878,1,530.09,347.90999999999997,530.09
779,Thomas,5:19:00,6/22/15,681,39,531.91,149.09000000000003,531.91
780,Thomas,5:20:00,6/22/15,326,71,528.87,-202.87,528.87
781,Thomas,5:20:00,6/22/15,937,72,536.95,400.04999999999995,536.95
782,Thomas,5:20:00,6/22/15,534,62,541.49,-7.490000000000009,541.49
783,Thomas,5:21:00,6/22/15,414,21,542.14,-128.14,542.14
784,Thomas,5:21:00,6/22/15,437,45,540.66,-103.65999999999997,540.66
785,Thomas,5:21:00,6/22/15,926,59,541.1,384.9,541.1
786,Thomas,5:22:00,6/22/15,600,77,545.43,54.57000000000005,545.43
787,Thomas,5:22:00,6/22/15,600,87,549.99,50.00999999999999,549.99
788,Thomas,5:22:00,6/22/15,273,81,549.75,-276.75,549.75
789,Thomas,5:23:00,6/22/15,765,89,549.41,215.59000000000003,549.41
790,Thomas,5:23:00,6/22/15,448,68,548.23,-100.23000000000002,548.23
791,Thomas,5:23:00,6/22/15,40,69,547.16,-507.15999999999997,547.16
792,Thomas,5:24:00,6/22/15,93,42,540.29,-447.28999999999996,540.29
793,Thomas,5:24:00,6/22/15,862,5,545.72,316.28,545.72
794,Thomas,5:24:00,6/22/15,678,28,543.24,134.76,543.24
795,Thomas,5:25:00,6/22/15,63,13,541.0,-478.0,541.0
796,Thomas,5:25:00,6/22/15,277,58,534.71,-257.71000000000004,534.71
797,Thomas,5:25:00,6/22/15,953,58,543.79,409.21000000000004,543.79
798,Thomas,5:26:00,6/22/15,465,35,539.54,-74.53999999999996,539.54
799,Thomas,5:26:00,6/22/15,623,66,537.82,85.17999999999995,537.82
800,Thomas,5:26:00,6/22/15,358,41,540.83,-182.83000000000004,540.83
801,Thomas,5:27:00,6/22/15,265,66,533.87,-268.87,533.87
802,Thomas,5:27:00,6/22/15,690,26,532.39,157.61,532.39
803,Thomas,5:27:00,6/22/15,660,27,538.71,121.28999999999996,538.71
804,Thomas,5:28:00,6/22/15,481,13,538.65,-57.64999999999998,538.65
805,Thomas,5:28:00,6/22/15,491,32,536.23,-45.23000000000002,536.23
806,Thomas,5:28:00,6/22/15,92,98,529.53,-437.53,529.53
807,Thomas,5:29:00,6/22/15,499,10,528.6,-29.600000000000023,528.6
808,Thomas,5:29:00,6/22/15,80,3,526.38,-446.38,526.38
809,Thomas,5:29:00,6/22/15,550,32,528.54,21.460000000000036,528.54
810,Thomas,5:30:00,6/22/15,467,59,525.75,-58.75,525.75
811,Thomas,5:30:00,6/22/15,859,59,525.83,333.16999999999996,525.83
812,Thomas,5:30:00,6/22/15,801,86,532.75,268.25,532.75
813,Thomas,5:31:00,6/22/15,802,81,532.92,269.08000000000004,532.92
814,Thomas,5:31:00,6/22/15,172,79,526.23,-354.23,526.23
815,Thomas,5:31:00,6/22/15,114,38,521.44,-407.44000000000005,521.44
816,Thomas,5:32:00,6/22/15,48,33,520.52,-472.52,520.52
817,Thomas,5:32:00,6/22/15,391,90,520.85,-129.85000000000002,520.85
818,Thomas,5:32:00,6/22/15,777,75,520.49,256.51,520.49
819,Thomas,5:33:00,6/22/15,986,22,527.81,458.19000000000005,527.81
820,Thomas,5:33:00,6/22/15,357,56,529.27,-172.26999999999998,529.27
821,Thomas,5:33:00,6/22/15,190,76,524.46,-334.46000000000004,524.46
822,Thomas,5:34:00,6/22/15,455,68,523.73,-68.73000000000002,523.73
823,Thomas,5:34:00,6/22/15,98,3,519.73,-421.73,519.73
824,Thomas,5:34:00,6/22/15,567,11,518.98,48.01999999999998,518.98
825,Thomas,5:35:00,6/22/15,15,69,514.54,-499.53999999999996,514.54
826,Thomas,5:35:00,6/22/15,87,44,510.76,-423.76,510.76
827,Thomas,5:35:00,6/22/15,460,1,515.34,-55.34000000000003,515.34
828,Thomas,5:36:00,6/22/15,622,1,517.39,104.61000000000001,517.39
829,Thomas,5:36:00,6/22/15,403,62,513.66,-110.65999999999997,513.66
830,Thomas,5:36:00,6/22/15,326,31,513.43,-187.42999999999995,513.43
831,Thomas,5:37:00,6/22/15,50,33,508.65,-458.65,508.65
832,Thomas,5:37:00,6/22/15,72,35,504.99,-432.99,504.99
833,Thomas,5:37:00,6/22/15,727,50,502.85,224.14999999999998,502.85
834,Thomas,5:38:00,6/22/15,557,4,505.3,51.69999999999999,505.3
835,Thomas,5:38:00,6/22/15,893,87,505.02,387.98,505.02
836,Thomas,5:38:00,6/22/15,285,43,507.63,-222.63,507.63
837,Thomas,5:39:00,6/22/15,938,3,513.14,424.86,513.14
838,Thomas,5:39:00,6/22/15,851,42,512.8,338.20000000000005,512.8
839,Thomas,5:39:00,6/22/15,458,89,510.87,-52.870000000000005,510.87
840,Thomas,5:40:00,6/22/15,811,90,511.04,299.96,511.04
841,Thomas,5:40:00,6/22/15,602,24,507.92,94.07999999999998,507.92
842,Thomas,5:40:00,6/22/15,795,100,507.26,287.74,507.26
843,Thomas,5:41:00,6/22/15,416,8,510.95,-94.94999999999999,510.95
844,Thomas,5:41:00,6/22/15,890,69,514.52,375.48,514.52
845,Thomas,5:41:00,6/22/15,633,52,512.49,120.50999999999999,512.49
846,Thomas,5:42:00,6/22/15,453,90,507.17,-54.170000000000016,507.17
847,Thomas,5:42:00,6/22/15,614,64,504.45,109.55000000000001,504.45
848,Thomas,5:42:00,6/22/15,372,52,500.31,-128.31,500.31
849,Thomas,5:43:00,6/22/15,602,65,497.97,104.02999999999997,497.97
850,Thomas,5:43:00,6/22/15,573,10,501.6,71.39999999999998,501.6
851,Thomas,5:43:00,6/22/15,614,51,499.49,114.50999999999999,499.49
852,Thomas,5:44:00,6/22/15,822,31,499.63,322.37,499.63
853,Thomas,5:44:00,6/22/15,460,6,497.16,-37.160000000000025,497.16
854,Thomas,5:44:00,6/22/15,759,29,499.91,259.09,499.91
855,Thomas,5:45:00,6/22/15,573,76,501.11,71.88999999999999,501.11
856,Thomas,5:45:00,6/22/15,568,47,499.67,68.32999999999998,499.67
857,Thomas,5:45:00,6/22/15,365,84,495.66,-130.66000000000003,495.66
858,Thomas,5:46:00,6/22/15,692,14,497.63,194.37,497.63
859,Thomas,5:46:00,6/22/15,353,49,494.53,-141.52999999999997,494.53
860,Thomas,5:46:00,6/22/15,907,45,503.14,403.86,503.14
861,Thomas,5:47:00,6/22/15,149,15,495.96,-346.96,495.96
862,Thomas,5:47:00,6/22/15,525,52,499.95,25.05000000000001,499.95
863,Thomas,5:47:00,6/22/15,589,57,498.67,90.32999999999998,498.67
864,Thomas,5:48:00,6/22/15,64,2,496.14,-432.14,496.14
865,Thomas,5:48:00,6/22/15,979,97,499.31,479.69,499.31
866,Thomas,5:48:00,6/22/15,10,84,498.28,-488.28,498.28
867,Thomas,5:49:00,6/22/15,810,32,502.33,307.67,502.33
868,Thomas,5:49:00,6/22/15,268,12,503.44,-235.44,503.44
869,Thomas,5:49:00,6/22/15,46,8,501.61,-455.61,501.61
870,Thomas,5:50:00,6/22/15,831,93,504.96,326.04,504.96
871,Thomas,5:50:00,6/22/15,413,30,504.36,-91.36000000000001,504.36
872,Thomas,5:50:00,6/22/15,375,37,503.51,-128.51,503.51
873,Thomas,5:51:00,6/22/15,493,61,508.26,-15.259999999999991,508.26
874,Thomas,5:51:00,6/22/15,290,42,506.45,-216.45,506.45
875,Thomas,5:51:00,6/22/15,51,28,497.47,-446.47,497.47
876,Thomas,5:52:00,6/22/15,445,69,492.16,-47.160000000000025,492.16
877,Thomas,5:52:00,6/22/15,83,86,491.62,-408.62,491.62
878,Thomas,5:52:00,6/22/15,33,74,483.17,-450.17,483.17
879,Thomas,5:53:00,6/22/15,685,85,483.21,201.79000000000002,483.21
880,Thomas,5:53:00,6/22/15,224,86,482.19,-258.19,482.19
881,Thomas,5:53:00,6/22/15,525,92,478.07,46.93000000000001,478.07
882,Thomas,5:54:00,6/22/15,367,54,476.4,-109.39999999999998,476.4
883,Thomas,5:54:00,6/22/15,917,39,481.43,435.57,481.43
884,Thomas,5:54:00,6/22/15,873,4,485.79,387.21,485.79
885,Thomas,5:55:00,6/22/15,14,18,476.67,-462.67,476.67
886,Thomas,5:55:00,6/22/15,241,45,473.08,-232.07999999999998,473.08
887,Thomas,5:55:00,6/22/15,579,7,472.87,106.13,472.87
888,Thomas,5:56:00,6/22/15,809,43,478.23,330.77,478.23
889,Thomas,5:56:00,6/22/15,694,83,477.52,216.48000000000002,477.52
890,Thomas,5:56:00,6/22/15,98,35,474.02,-376.02,474.02
891,Thomas,5:57:00,6/22/15,560,98,479.22,80.77999999999997,479.22
892,Thomas,5:57:00,6/22/15,541,47,483.7,57.30000000000001,483.7
893,Thomas,5:57:00,6/22/15,663,60,481.71,181.29000000000002,481.71
894,Thomas,5:58:00,6/22/15,268,45,477.61,-209.61,477.61
895,Thomas,5:58:00,6/22/15,316,20,480.14,-164.14,480.14
896,Thomas,5:58:00,6/22/15,753,19,484.9,268.1,484.9
897,Thomas,5:59:00,6/22/15,614,41,481.51,132.49,481.51
898,Thomas,5:59:00,6/22/15,596,74,482.82,113.18,482.82
899,Thomas,5:59:00,6/22/15,276,88,479.35,-203.35000000000002,479.35
900,Thomas,6:00:00,6/22/15,871,86,484.48,386.52,484.48
901,Thomas,6:00:00,6/22/15,633,8,488.16,144.83999999999997,488.16
902,Thomas,6:00:00,6/22/15,928,83,490.54,437.46,490.54
903,Thomas,6:01:00,6/22/15,175,52,485.69,-310.69,485.69
904,Thomas,6:01:00,6/22/15,556,54,486.44,69.56,486.44
905,Thomas,6:01:00,6/22/15,464,17,486.17,-22.170000000000016,486.17
906,Thomas,6:02:00,6/22/15,444,1,489.69,-45.69,489.69
907,Thomas,6:02:00,6/22/15,524,6,489.94,34.06,489.94
908,Thomas,6:02:00,6/22/15,447,17,493.61,-46.610000000000014,493.61
909,Thomas,6:03:00,6/22/15,32,52,488.43,-456.43,488.43
910,Thomas,6:03:00,6/22/15,875,95,492.51,382.49,492.51
911,Thomas,6:03:00,6/22/15,581,90,489.73,91.26999999999998,489.73
912,Thomas,6:04:00,6/22/15,974,12,491.46,482.54,491.46
913,Thomas,6:04:00,6/22/15,235,39,485.79,-250.79000000000002,485.79
914,Thomas,6:04:00,6/22/15,130,63,485.37,-355.37,485.37
915,Thomas,6:05:00,6/22/15,811,83,492.34,318.66,492.34
916,Thomas,6:05:00,6/22/15,29,39,492.15,-463.15,492.15
917,Thomas,6:05:00,6/22/15,161,21,489.85,-328.85,489.85
918,Thomas,6:06:00,6/22/15,860,82,490.68,369.32,490.68
919,Thomas,6:06:00,6/22/15,431,10,485.13,-54.129999999999995,485.13
920,Thomas,6:06:00,6/22/15,686,91,488.42,197.57999999999998,488.42
921,Thomas,6:07:00,6/22/15,396,52,490.48,-94.48000000000002,490.48
922,Thomas,6:07:00,6/22/15,375,55,489.68,-114.68,489.68
923,Thomas,6:07:00,6/22/15,823,70,496.93,326.07,496.93
924,Thomas,6:08:00,6/22/15,231,73,493.57,-262.57,493.57
925,Thomas,6:08:00,6/22/15,803,18,501.45,301.55,501.45
926,Thomas,6:08:00,6/22/15,632,11,506.9,125.10000000000002,506.9
927,Thomas,6:09:00,6/22/15,719,13,509.49,209.51,509.49
928,Thomas,6:09:00,6/22/15,50,3,503.77,-453.77,503.77
929,Thomas,6:09:00,6/22/15,772,2,507.46,264.54,507.46
930,Thomas,6:10:00,6/22/15,932,83,513.52,418.48,513.52
931,Thomas,6:10:00,6/22/15,515,79,518.17,-3.169999999999959,518.17
932,Thomas,6:10:00,6/22/15,728,55,524.73,203.26999999999998,524.73
933,Thomas,6:11:00,6/22/15,374,64,521.2,-147.20000000000005,521.2
934,Thomas,6:11:00,6/22/15,720,61,522.83,197.16999999999996,522.83
935,Thomas,6:11:00,6/22/15,157,84,515.47,-358.47,515.47
936,Thomas,6:12:00,6/22/15,117,28,513.79,-396.78999999999996,513.79
937,Thomas,6:12:00,6/22/15,279,25,507.2,-228.2,507.2
938,Thomas,6:12:00,6/22/15,290,24,501.59,-211.58999999999997,501.59
939,Thomas,6:13:00,6/22/15,291,39,499.92,-208.92000000000002,499.92
940,Thomas,6:13:00,6/22/15,675,54,498.56,176.44,498.56
941,Thomas,6:13:00,6/22/15,395,30,496.49,-101.49000000000001,496.49
942,Thomas,6:14:00,6/22/15,423,12,492.77,-69.76999999999998,492.77
943,Thomas,6:14:00,6/22/15,245,80,491.06,-246.06,491.06
944,Thomas,6:14:00,6/22/15,767,15,489.83,277.17,489.83
945,Thomas,6:15:00,6/22/15,905,64,492.55,412.45,492.55
946,Thomas,6:15:00,6/22/15,104,56,489.06,-385.06,489.06
947,Thomas,6:15:00,6/22/15,101,31,483.93,-382.93,483.93
948,Thomas,6:16:00,6/22/15,326,70,483.47,-157.47000000000003,483.47
949,Thomas,6:16:00,6/22/15,813,82,485.58,327.42,485.58
950,Thomas,6:16:00,6/22/15,354,27,483.39,-129.39,483.39
951,Thomas,6:17:00,6/22/15,158,99,478.83,-320.83,478.83
952,Thomas,6:17:00,6/22/15,726,90,477.87,248.13,477.87
953,Thomas,6:17:00,6/22/15,976,1,483.03,492.97,483.03
954,Thomas,6:18:00,6/22/15,509,100,480.53,28.470000000000027,480.53
955,Thomas,6:18:00,6/22/15,683,59,481.63,201.37,481.63
956,Thomas,6:18:00,6/22/15,65,78,476.6,-411.6,476.6
957,Thomas,6:19:00,6/22/15,7,17,473.02,-466.02,473.02
958,Thomas,6:19:00,6/22/15,568,95,471.78,96.22000000000003,471.78
959,Thomas,6:19:00,6/22/15,458,96,472.83,-14.829999999999984,472.83
960,Thomas,6:20:00,6/22/15,390,28,467.66,-77.66000000000003,467.66
961,Thomas,6:20:00,6/22/15,642,93,472.59,169.41000000000003,472.59
962,Thomas,6:20:00,6/22/15,990,71,477.24,512.76,477.24
963,Thomas,6:21:00,6/22/15,348,18,474.83,-126.82999999999998,474.83
964,Thomas,6:21:00,6/22/15,262,16,476.81,-214.81,476.81
965,Thomas,6:21:00,6/22/15,126,94,468.28,-342.28,468.28
966,Thomas,6:22:00,6/22/15,545,75,473.63,71.37,473.63
967,Thomas,6:22:00,6/22/15,212,88,467.65,-255.64999999999998,467.65
968,Thomas,6:22:00,6/22/15,528,50,470.25,57.75,470.25
969,Thomas,6:23:00,6/22/15,429,61,474.08,-45.079999999999984,474.08
970,Thomas,6:23:00,6/22/15,519,42,470.96,48.04000000000002,470.96
971,Thomas,6:23:00,6/22/15,253,86,469.36,-216.36,469.36
972,Thomas,6:24:00,6/22/15,69,52,466.3,-397.3,466.3
973,Thomas,6:24:00,6/22/15,38,41,461.75,-423.75,461.75
974,Thomas,6:24:00,6/22/15,987,59,468.72,518.28,468.72
975,Thomas,6:25:00,6/22/15,488,10,473.09,14.910000000000025,473.09
976,Thomas,6:25:00,6/22/15,557,32,474.21,82.79000000000002,474.21
977,Thomas,6:25:00,6/22/15,384,13,477.22,-93.22000000000003,477.22
978,Thomas,6:26:00,6/22/15,270,78,479.59,-209.58999999999997,479.59
979,Thomas,6:26:00,6/22/15,863,95,481.37,381.63,481.37
980,Thomas,6:26:00,6/22/15,418,90,483.31,-65.31,483.31
981,Thomas,6:27:00,6/22/15,300,47,481.06,-181.06,481.06
982,Thomas,6:27:00,6/22/15,554,44,482.93,71.07,482.93
983,Thomas,6:27:00,6/22/15,190,43,475.66,-285.66,475.66
984,Thomas,6:28:00,6/22/15,331,10,470.24,-139.24,470.24
985,Thomas,6:28:00,6/22/15,895,9,479.05,415.95,479.05
986,Thomas,6:28:00,6/22/15,800,31,484.64,315.36,484.64
987,Thomas,6:29:00,6/22/15,877,93,487.62,389.38,487.62
988,Thomas,6:29:00,6/22/15,904,81,488.57,415.43,488.57
989,Thomas,6:29:00,6/22/15,54,22,482.17,-428.17,482.17
990,Thomas,6:30:00,6/22/15,759,18,488.78,270.22,488.78
991,Thomas,6:30:00,6/22/15,469,41,487.87,-18.870000000000005,487.87
992,Thomas,6:30:00,6/22/15,149,78,483.95,-334.95,483.95
993,Thomas,6:31:00,6/22/15,367,88,480.99,-113.99000000000001,480.99
994,Thomas,6:31:00,6/22/15,598,32,484.29,113.70999999999998,484.29
995,Thomas,6:31:00,6/22/15,166,33,482.79,-316.79,482.79
996,Thomas,6:32:00,6/22/15,106,53,476.32,-370.32,476.32
997,Thomas,6:32:00,6/22/15,905,29,479.23,425.77,479.23
998,Thomas,6:32:00,6/22/15,713,48,480.4,232.60000000000002,480.4
999,Thomas,6:33:00,6/22/15,829,50,485.93,343.07,485.93
