Name,Time,Date,DataPoint1,DataPoint2
Thomas,1:00:00,6/22/15,745,57
Thomas,1:00:00,6/22/15,710,89
Thomas,1:00:00,6/22/15,60,79
Thomas,1:01:00,6/22/15,772,84
Thomas,1:01:00,6/22/15,734,30
Thomas,1:01:00,6/22/15,837,83
Thomas,1:02:00,6/22/15,155,63
Thomas,1:02:00,6/22/15,332,50
Thomas,1:02:00,6/22/15,988,72
Thomas,1:03:00,6/22/15,371,54
Thomas,1:03:00,6/22/15,264,40
Thomas,1:03:00,6/22/15,260,36
Thomas,1:04:00,6/22/15,644,22
Thomas,1:04:00,6/22/15,705,20
Thomas,1:04:00,6/22/15,180,100
Thomas,1:05:00,6/22/15,751,80
Thomas,1:05:00,6/22/15,503,66
Thomas,1:05:00,6/22/15,808,59
Thomas,1:06:00,6/22/15,469,8
Thomas,1:06:00,6/22/15,497,63
Thomas,1:06:00,6/22/15,25,31
Thomas,1:07:00,6/22/15,660,71
Thomas,1:07:00,6/22/15,548,39
Thomas,1:07:00,6/22/15,31,19
Thomas,1:08:00,6/22/15,261,42
Thomas,1:08:00,6/22/15,159,20
Thomas,1:08:00,6/22/15,850,3
Thomas,1:09:00,6/22/15,220,13
Thomas,1:09:00,6/22/15,997,95
Thomas,1:09:00,6/22/15,199,14
Thomas,1:10:00,6/22/15,272,61
Thomas,1:10:00,6/22/15,386,7
Thomas,1:10:00,6/22/15,851,69
Thomas,1:11:00,6/22/15,41,52
Thomas,1:11:00,6/22/15,79,73
Thomas,1:11:00,6/22/15,538,34
Thomas,1:12:00,6/22/15,969,15
Thomas,1:12:00,6/22/15,218,71
Thomas,1:12:00,6/22/15,304,3
Thomas,1:13:00,6/22/15,96,5
Thomas,1:13:00,6/22/15,63,62
Thomas,1:13:00,6/22/15,936,16
Thomas,1:14:00,6/22/15,663,59
Thomas,1:14:00,6/22/15,964,59
Thomas,1:14:00,6/22/15,508,96
Thomas,1:15:00,6/22/15,618,33
Thomas,1:15:00,6/22/15,835,40
Thomas,1:15:00,6/22/15,803,64
Thomas,1:16:00,6/22/15,77,32
Thomas,1:16:00,6/22/15,713,31
Thomas,1:16:00,6/22/15,977,81
Thomas,1:17:00,6/22/15,484,63
Thomas,1:17:00,6/22/15,422,98
Thomas,1:17:00,6/22/15,658,14
Thomas,1:18:00,6/22/15,928,27
Thomas,1:18:00,6/22/15,954,25
Thomas,1:18:00,6/22/15,183,70
Thomas,1:19:00,6/22/15,753,77
Thomas,1:19:00,6/22/15,766,98
Thomas,1:19:00,6/22/15,195,51
Thomas,1:20:00,6/22/15,429,30
Thomas,1:20:00,6/22/15,121,5
Thomas,1:20:00,6/22/15,395,27
Thomas,1:21:00,6/22/15,788,22
Thomas,1:21:00,6/22/15,38,22
Thomas,1:21:00,6/22/15,82,58
Thomas,1:22:00,6/22/15,726,40
Thomas,1:22:00,6/22/15,915,94
Thomas,1:22:00,6/22/15,730,30
Thomas,1:23:00,6/22/15,148,78
Thomas,1:23:00,6/22/15,592,25
Thomas,1:23:00,6/22/15,874,21
Thomas,1:24:00,6/22/15,40,8
Thomas,1:24:00,6/22/15,810,85
Thomas,1:24:00,6/22/15,314,3
Thomas,1:25:00,6/22/15,811,53
Thomas,1:25:00,6/22/15,619,38
Thomas,1:25:00,6/22/15,244,77
Thomas,1:26:00,6/22/15,780,90
Thomas,1:26:00,6/22/15,984,51
Thomas,1:26:00,6/22/15,648,95
Thomas,1:27:00,6/22/15,421,22
Thomas,1:27:00,6/22/15,821,31
Thomas,1:27:00,6/22/15,7,60
Thomas,1:28:00,6/22/15,693,10
Thomas,1:28:00,6/22/15,287,38
Thomas,1:28:00,6/22/15,257,94
Thomas,1:29:00,6/22/15,448,68
Thomas,1:29:00,6/22/15,473,92
Thomas,1:29:00,6/22/15,133,1
Thomas,1:30:00,6/22/15,852,68
Thomas,1:30:00,6/22/15,701,25
Thomas,1:30:00,6/22/15,305,76
Thomas,1:31:00,6/22/15,510,35
Thomas,1:31:00,6/22/15,800,71
Thomas,1:31:00,6/22/15,631,63
Thomas,1:32:00,6/22/15,763,52
Thomas,1:32:00,6/22/15,972,12
Thomas,1:32:00,6/22/15,838,24
Thomas,1:33:00,6/22/15,414,32
Thomas,1:33:00,6/22/15,312,45
Thomas,1:33:00,6/22/15,178,90
Thomas,1:34:00,6/22/15,732,88
Thomas,1:34:00,6/22/15,343,45
Thomas,1:34:00,6/22/15,189,97
Thomas,1:35:00,6/22/15,494,92
Thomas,1:35:00,6/22/15,948,99
Thomas,1:35:00,6/22/15,952,4
Thomas,1:36:00,6/22/15,40,79
Thomas,1:36:00,6/22/15,620,88
Thomas,1:36:00,6/22/15,722,63
Thomas,1:37:00,6/22/15,127,70
Thomas,1:37:00,6/22/15,291,14
Thomas,1:37:00,6/22/15,713,82
Thomas,1:38:00,6/22/15,949,73
Thomas,1:38:00,6/22/15,611,39
Thomas,1:38:00,6/22/15,15,86
Thomas,1:39:00,6/22/15,447,98
Thomas,1:39:00,6/22/15,46,94
Thomas,1:39:00,6/22/15,921,100
Thomas,1:40:00,6/22/15,46,60
Thomas,1:40:00,6/22/15,72,21
Thomas,1:40:00,6/22/15,592,1
Thomas,1:41:00,6/22/15,427,83
Thomas,1:41:00,6/22/15,876,94
Thomas,1:41:00,6/22/15,557,34
Thomas,1:42:00,6/22/15,826,31
Thomas,1:42:00,6/22/15,274,10
Thomas,1:42:00,6/22/15,31,38
Thomas,1:43:00,6/22/15,201,8
Thomas,1:43:00,6/22/15,155,72
Thomas,1:43:00,6/22/15,176,87
Thomas,1:44:00,6/22/15,262,3
Thomas,1:44:00,6/22/15,715,35
Thomas,1:44:00,6/22/15,895,93
Thomas,1:45:00,6/22/15,905,54
Thomas,1:45:00,6/22/15,645,6
Thomas,1:45:00,6/22/15,835,85
Thomas,1:46:00,6/22/15,150,22
Thomas,1:46:00,6/22/15,416,18
Thomas,1:46:00,6/22/15,174,1
Thomas,1:47:00,6/22/15,289,16
Thomas,1:47:00,6/22/15,151,30
Thomas,1:47:00,6/22/15,638,48
Thomas,1:48:00,6/22/15,920,54
Thomas,1:48:00,6/22/15,416,35
Thomas,1:48:00,6/22/15,111,10
Thomas,1:49:00,6/22/15,433,52
Thomas,1:49:00,6/22/15,632,68
Thomas,1:49:00,6/22/15,424,9
Thomas,1:50:00,6/22/15,535,27
Thomas,1:50:00,6/22/15,75,92
Thomas,1:50:00,6/22/15,544,68
Thomas,1:51:00,6/22/15,294,43
Thomas,1:51:00,6/22/15,663,12
Thomas,1:51:00,6/22/15,999,75
Thomas,1:52:00,6/22/15,421,69
Thomas,1:52:00,6/22/15,67,82
Thomas,1:52:00,6/22/15,367,16
Thomas,1:53:00,6/22/15,724,100
Thomas,1:53:00,6/22/15,33,89
Thomas,1:53:00,6/22/15,773,50
Thomas,1:54:00,6/22/15,836,55
Thomas,1:54:00,6/22/15,190,31
Thomas,1:54:00,6/22/15,945,30
Thomas,1:55:00,6/22/15,708,36
Thomas,1:55:00,6/22/15,604,50
Thomas,1:55:00,6/22/15,42,93
Thomas,1:56:00,6/22/15,85,84
Thomas,1:56:00,6/22/15,678,55
Thomas,1:56:00,6/22/15,242,3
Thomas,1:57:00,6/22/15,661,29
Thomas,1:57:00,6/22/15,582,19
Thomas,1:57:00,6/22/15,567,73
Thomas,1:58:00,6/22/15,63,91
Thomas,1:58:00,6/22/15,812,26
Thomas,1:58:00,6/22/15,470,49
Thomas,1:59:00,6/22/15,938,55
Thomas,1:59:00,6/22/15,18,40
Thomas,1:59:00,6/22/15,777,36
Thomas,2:00:00,6/22/15,246,57
Thomas,2:00:00,6/22/15,790,70
Thomas,2:00:00,6/22/15,978,80
Thomas,2:01:00,6/22/15,387,49
Thomas,2:01:00,6/22/15,842,34
Thomas,2:01:00,6/22/15,32,86
Thomas,2:02:00,6/22/15,355,65
Thomas,2:02:00,6/22/15,804,54
Thomas,2:02:00,6/22/15,658,100
Thomas,2:03:00,6/22/15,777,97
Thomas,2:03:00,6/22/15,387,9
Thomas,2:03:00,6/22/15,35,82
Thomas,2:04:00,6/22/15,587,12
Thomas,2:04:00,6/22/15,613,82
Thomas,2:04:00,6/22/15,597,14
Thomas,2:05:00,6/22/15,817,95
Thomas,2:05:00,6/22/15,968,15
Thomas,2:05:00,6/22/15,488,26
Thomas,2:06:00,6/22/15,213,99
Thomas,2:06:00,6/22/15,482,7
Thomas,2:06:00,6/22/15,320,23
Thomas,2:07:00,6/22/15,38,46
Thomas,2:07:00,6/22/15,783,94
Thomas,2:07:00,6/22/15,729,11
Thomas,2:08:00,6/22/15,677,91
Thomas,2:08:00,6/22/15,415,68
Thomas,2:08:00,6/22/15,125,32
Thomas,2:09:00,6/22/15,894,11
Thomas,2:09:00,6/22/15,610,92
Thomas,2:09:00,6/22/15,859,61
Thomas,2:10:00,6/22/15,207,50
Thomas,2:10:00,6/22/15,300,98
Thomas,2:10:00,6/22/15,884,45
Thomas,2:11:00,6/22/15,135,77
Thomas,2:11:00,6/22/15,784,39
Thomas,2:11:00,6/22/15,168,22
Thomas,2:12:00,6/22/15,62,10
Thomas,2:12:00,6/22/15,212,50
Thomas,2:12:00,6/22/15,958,75
Thomas,2:13:00,6/22/15,665,88
Thomas,2:13:00,6/22/15,835,29
Thomas,2:13:00,6/22/15,637,33
Thomas,2:14:00,6/22/15,178,80
Thomas,2:14:00,6/22/15,157,47
Thomas,2:14:00,6/22/15,939,27
Thomas,2:15:00,6/22/15,448,85
Thomas,2:15:00,6/22/15,291,34
Thomas,2:15:00,6/22/15,492,92
Thomas,2:16:00,6/22/15,405,32
Thomas,2:16:00,6/22/15,762,29
Thomas,2:16:00,6/22/15,431,10
Thomas,2:17:00,6/22/15,243,5
Thomas,2:17:00,6/22/15,232,60
Thomas,2:17:00,6/22/15,511,79
Thomas,2:18:00,6/22/15,979,55
Thomas,2:18:00,6/22/15,684,2
Thomas,2:18:00,6/22/15,97,58
Thomas,2:19:00,6/22/15,681,90
Thomas,2:19:00,6/22/15,728,61
Thomas,2:19:00,6/22/15,554,43
Thomas,2:20:00,6/22/15,955,24
Thomas,2:20:00,6/22/15,952,5
Thomas,2:20:00,6/22/15,620,58
Thomas,2:21:00,6/22/15,68,54
Thomas,2:21:00,6/22/15,601,46
Thomas,2:21:00,6/22/15,410,79
Thomas,2:22:00,6/22/15,568,33
Thomas,2:22:00,6/22/15,958,6
Thomas,2:22:00,6/22/15,612,84
Thomas,2:23:00,6/22/15,830,21
Thomas,2:23:00,6/22/15,845,65
Thomas,2:23:00,6/22/15,966,68
Thomas,2:24:00,6/22/15,470,27
Thomas,2:24:00,6/22/15,288,56
Thomas,2:24:00,6/22/15,493,65
Thomas,2:25:00,6/22/15,260,75
Thomas,2:25:00,6/22/15,910,34
Thomas,2:25:00,6/22/15,903,40
Thomas,2:26:00,6/22/15,980,19
Thomas,2:26:00,6/22/15,214,56
Thomas,2:26:00,6/22/15,960,39
Thomas,2:27:00,6/22/15,10,34
Thomas,2:27:00,6/22/15,586,32
Thomas,2:27:00,6/22/15,905,31
Thomas,2:28:00,6/22/15,903,1
Thomas,2:28:00,6/22/15,556,85
Thomas,2:28:00,6/22/15,15,100
Thomas,2:29:00,6/22/15,624,65
Thomas,2:29:00,6/22/15,170,54
Thomas,2:29:00,6/22/15,491,70
Thomas,2:30:00,6/22/15,872,77
Thomas,2:30:00,6/22/15,664,49
Thomas,2:30:00,6/22/15,348,84
Thomas,2:31:00,6/22/15,257,6
Thomas,2:31:00,6/22/15,784,27
Thomas,2:31:00,6/22/15,614,74
Thomas,2:32:00,6/22/15,623,91
Thomas,2:32:00,6/22/15,153,99
Thomas,2:32:00,6/22/15,55,13
Thomas,2:33:00,6/22/15,468,100
Thomas,2:33:00,6/22/15,418,75
Thomas,2:33:00,6/22/15,88,30
Thomas,2:34:00,6/22/15,13,6
Thomas,2:34:00,6/22/15,224,46
Thomas,2:34:00,6/22/15,725,92
Thomas,2:35:00,6/22/15,180,28
Thomas,2:35:00,6/22/15,68,87
Thomas,2:35:00,6/22/15,796,85
Thomas,2:36:00,6/22/15,54,18
Thomas,2:36:00,6/22/15,408,20
Thomas,2:36:00,6/22/15,676,45
Thomas,2:37:00,6/22/15,377,83
Thomas,2:37:00,6/22/15,96,95
Thomas,2:37:00,6/22/15,735,81
Thomas,2:38:00,6/22/15,716,8
Thomas,2:38:00,6/22/15,696,84
Thomas,2:38:00,6/22/15,940,23
Thomas,2:39:00,6/22/15,978,67
Thomas,2:39:00,6/22/15,950,53
Thomas,2:39:00,6/22/15,323,19
Thomas,2:40:00,6/22/15,969,72
Thomas,2:40:00,6/22/15,352,30
Thomas,2:40:00,6/22/15,16,67
Thomas,2:41:00,6/22/15,756,28
Thomas,2:41:00,6/22/15,154,72
Thomas,2:41:00,6/22/15,477,12
Thomas,2:42:00,6/22/15,775,29
Thomas,2:42:00,6/22/15,349,7
Thomas,2:42:00,6/22/15,125,48
Thomas,2:43:00,6/22/15,579,75
Thomas,2:43:00,6/22/15,999,88
Thomas,2:43:00,6/22/15,139,84
Thomas,2:44:00,6/22/15,179,68
Thomas,2:44:00,6/22/15,189,65
Thomas,2:44:00,6/22/15,886,27
Thomas,2:45:00,6/22/15,490,22
Thomas,2:45:00,6/22/15,816,63
Thomas,2:45:00,6/22/15,331,90
Thomas,2:46:00,6/22/15,850,49
Thomas,2:46:00,6/22/15,346,81
Thomas,2:46:00,6/22/15,992,75
Thomas,2:47:00,6/22/15,730,43
Thomas,2:47:00,6/22/15,374,98
Thomas,2:47:00,6/22/15,549,43
Thomas,2:48:00,6/22/15,994,15
Thomas,2:48:00,6/22/15,85,14
Thomas,2:48:00,6/22/15,231,15
Thomas,2:49:00,6/22/15,573,67
Thomas,2:49:00,6/22/15,678,11
Thomas,2:49:00,6/22/15,981,78
Thomas,2:50:00,6/22/15,269,94
Thomas,2:50:00,6/22/15,945,28
Thomas,2:50:00,6/22/15,626,76
Thomas,2:51:00,6/22/15,893,88
Thomas,2:51:00,6/22/15,44,47
Thomas,2:51:00,6/22/15,400,83
Thomas,2:52:00,6/22/15,896,5
Thomas,2:52:00,6/22/15,22,62
Thomas,2:52:00,6/22/15,486,21
Thomas,2:53:00,6/22/15,917,85
Thomas,2:53:00,6/22/15,12,14
Thomas,2:53:00,6/22/15,866,90
Thomas,2:54:00,6/22/15,51,10
Thomas,2:54:00,6/22/15,878,100
Thomas,2:54:00,6/22/15,404,5
Thomas,2:55:00,6/22/15,874,47
Thomas,2:55:00,6/22/15,282,84
Thomas,2:55:00,6/22/15,974,91
Thomas,2:56:00,6/22/15,211,85
Thomas,2:56:00,6/22/15,872,71
Thomas,2:56:00,6/22/15,530,24
Thomas,2:57:00,6/22/15,888,83
Thomas,2:57:00,6/22/15,640,88
Thomas,2:57:00,6/22/15,295,6
Thomas,2:58:00,6/22/15,199,54
Thomas,2:58:00,6/22/15,772,92
Thomas,2:58:00,6/22/15,176,92
Thomas,2:59:00,6/22/15,66,92
Thomas,2:59:00,6/22/15,469,14
Thomas,2:59:00,6/22/15,404,35
Thomas,3:00:00,6/22/15,501,17
Thomas,3:00:00,6/22/15,365,86
Thomas,3:00:00,6/22/15,58,88
Thomas,3:01:00,6/22/15,9,90
Thomas,3:01:00,6/22/15,204,10
Thomas,3:01:00,6/22/15,447,61
Thomas,3:02:00,6/22/15,665,25
Thomas,3:02:00,6/22/15,186,26
Thomas,3:02:00,6/22/15,987,52
Thomas,3:03:00,6/22/15,300,3
Thomas,3:03:00,6/22/15,65,66
Thomas,3:03:00,6/22/15,458,87
Thomas,3:04:00,6/22/15,579,12
Thomas,3:04:00,6/22/15,154,100
Thomas,3:04:00,6/22/15,492,93
Thomas,3:05:00,6/22/15,565,18
Thomas,3:05:00,6/22/15,197,58
Thomas,3:05:00,6/22/15,398,65
Thomas,3:06:00,6/22/15,507,90
Thomas,3:06:00,6/22/15,877,30
Thomas,3:06:00,6/22/15,3,73
Thomas,3:07:00,6/22/15,304,23
Thomas,3:07:00,6/22/15,686,21
Thomas,3:07:00,6/22/15,670,98
Thomas,3:08:00,6/22/15,945,73
Thomas,3:08:00,6/22/15,420,92
Thomas,3:08:00,6/22/15,932,30
Thomas,3:09:00,6/22/15,902,54
Thomas,3:09:00,6/22/15,532,27
Thomas,3:09:00,6/22/15,392,79
Thomas,3:10:00,6/22/15,538,87
Thomas,3:10:00,6/22/15,477,95
Thomas,3:10:00,6/22/15,443,91
Thomas,3:11:00,6/22/15,704,26
Thomas,3:11:00,6/22/15,97,22
Thomas,3:11:00,6/22/15,232,57
Thomas,3:12:00,6/22/15,407,8
Thomas,3:12:00,6/22/15,993,14
Thomas,3:12:00,6/22/15,318,89
Thomas,3:13:00,6/22/15,190,63
Thomas,3:13:00,6/22/15,817,63
Thomas,3:13:00,6/22/15,480,76
Thomas,3:14:00,6/22/15,322,30
Thomas,3:14:00,6/22/15,557,80
Thomas,3:14:00,6/22/15,916,47
Thomas,3:15:00,6/22/15,274,95
Thomas,3:15:00,6/22/15,302,8
Thomas,3:15:00,6/22/15,33,28
Thomas,3:16:00,6/22/15,67,14
Thomas,3:16:00,6/22/15,475,54
Thomas,3:16:00,6/22/15,846,98
Thomas,3:17:00,6/22/15,149,49
Thomas,3:17:00,6/22/15,833,41
Thomas,3:17:00,6/22/15,128,80
Thomas,3:18:00,6/22/15,6,64
Thomas,3:18:00,6/22/15,935,96
Thomas,3:18:00,6/22/15,765,29
Thomas,3:19:00,6/22/15,48,63
Thomas,3:19:00,6/22/15,367,19
Thomas,3:19:00,6/22/15,622,2
Thomas,3:20:00,6/22/15,245,49
Thomas,3:20:00,6/22/15,179,88
Thomas,3:20:00,6/22/15,837,20
Thomas,3:21:00,6/22/15,50,20
Thomas,3:21:00,6/22/15,336,5
Thomas,3:21:00,6/22/15,249,24
Thomas,3:22:00,6/22/15,607,49
Thomas,3:22:00,6/22/15,961,93
Thomas,3:22:00,6/22/15,169,59
Thomas,3:23:00,6/22/15,434,68
Thomas,3:23:00,6/22/15,275,29
Thomas,3:23:00,6/22/15,739,77
Thomas,3:24:00,6/22/15,434,21
Thomas,3:24:00,6/22/15,363,16
Thomas,3:24:00,6/22/15,94,15
Thomas,3:25:00,6/22/15,144,8
Thomas,3:25:00,6/22/15,113,83
Thomas,3:25:00,6/22/15,823,85
Thomas,3:26:00,6/22/15,650,42
Thomas,3:26:00,6/22/15,890,75
Thomas,3:26:00,6/22/15,320,58
Thomas,3:27:00,6/22/15,136,3
Thomas,3:27:00,6/22/15,376,31
Thomas,3:27:00,6/22/15,413,83
Thomas,3:28:00,6/22/15,307,25
Thomas,3:28:00,6/22/15,344,50
Thomas,3:28:00,6/22/15,887,5
Thomas,3:29:00,6/22/15,781,11
Thomas,3:29:00,6/22/15,873,97
Thomas,3:29:00,6/22/15,701,9
Thomas,3:30:00,6/22/15,941,79
Thomas,3:30:00,6/22/15,684,74
Thomas,3:30:00,6/22/15,251,9
Thomas,3:31:00,6/22/15,478,79
Thomas,3:31:00,6/22/15,564,61
Thomas,3:31:00,6/22/15,10,92
Thomas,3:32:00,6/22/15,790,22
Thomas,3:32:00,6/22/15,805,14
Thomas,3:32:00,6/22/15,554,44
Thomas,3:33:00,6/22/15,383,2
Thomas,3:33:00,6/22/15,352,85
Thomas,3:33:00,6/22/15,865,10
Thomas,3:34:00,6/22/15,328,8
Thomas,3:34:00,6/22/15,158,52
Thomas,3:34:00,6/22/15,195,7
Thomas,3:35:00,6/22/15,560,95
Thomas,3:35:00,6/22/15,260,20
Thomas,3:35:00,6/22/15,784,31
Thomas,3:36:00,6/22/15,314,88
Thomas,3:36:00,6/22/15,340,34
Thomas,3:36:00,6/22/15,61,21
Thomas,3:37:00,6/22/15,586,5
Thomas,3:37:00,6/22/15,691,68
Thomas,3:37:00,6/22/15,832,2
Thomas,3:38:00,6/22/15,60,64
Thomas,3:38:00,6/22/15,201,86
Thomas,3:38:00,6/22/15,669,23
Thomas,3:39:00,6/22/15,608,49
Thomas,3:39:00,6/22/15,738,85
Thomas,3:39:00,6/22/15,943,99
Thomas,3:40:00,6/22/15,169,61
Thomas,3:40:00,6/22/15,949,4
Thomas,3:40:00,6/22/15,340,75
Thomas,3:41:00,6/22/15,679,61
Thomas,3:41:00,6/22/15,688,60
Thomas,3:41:00,6/22/15,901,92
Thomas,3:42:00,6/22/15,506,8
Thomas,3:42:00,6/22/15,166,32
Thomas,3:42:00,6/22/15,845,67
Thomas,3:43:00,6/22/15,575,64
Thomas,3:43:00,6/22/15,916,63
Thomas,3:43:00,6/22/15,286,27
Thomas,3:44:00,6/22/15,504,22
Thomas,3:44:00,6/22/15,160,95
Thomas,3:44:00,6/22/15,312,40
Thomas,3:45:00,6/22/15,683,99
Thomas,3:45:00,6/22/15,782,44
Thomas,3:45:00,6/22/15,627,87
Thomas,3:46:00,6/22/15,368,34
Thomas,3:46:00,6/22/15,901,14
Thomas,3:46:00,6/22/15,621,47
Thomas,3:47:00,6/22/15,464,46
Thomas,3:47:00,6/22/15,586,73
Thomas,3:47:00,6/22/15,240,86
Thomas,3:48:00,6/22/15,869,17
Thomas,3:48:00,6/22/15,122,61
Thomas,3:48:00,6/22/15,231,30
Thomas,3:49:00,6/22/15,137,22
Thomas,3:49:00,6/22/15,758,50
Thomas,3:49:00,6/22/15,73,84
Thomas,3:50:00,6/22/15,556,40
Thomas,3:50:00,6/22/15,448,92
Thomas,3:50:00,6/22/15,379,13
Thomas,3:51:00,6/22/15,359,37
Thomas,3:51:00,6/22/15,520,81
Thomas,3:51:00,6/22/15,371,17
Thomas,3:52:00,6/22/15,57,16
Thomas,3:52:00,6/22/15,752,18
Thomas,3:52:00,6/22/15,613,31
Thomas,3:53:00,6/22/15,669,50
Thomas,3:53:00,6/22/15,250,32
Thomas,3:53:00,6/22/15,887,98
Thomas,3:54:00,6/22/15,109,96
Thomas,3:54:00,6/22/15,667,26
Thomas,3:54:00,6/22/15,588,41
Thomas,3:55:00,6/22/15,440,26
Thomas,3:55:00,6/22/15,878,9
Thomas,3:55:00,6/22/15,202,28
Thomas,3:56:00,6/22/15,118,65
Thomas,3:56:00,6/22/15,792,33
Thomas,3:56:00,6/22/15,211,99
Thomas,3:57:00,6/22/15,188,87
Thomas,3:57:00,6/22/15,695,73
Thomas,3:57:00,6/22/15,776,72
Thomas,3:58:00,6/22/15,973,97
Thomas,3:58:00,6/22/15,533,74
Thomas,3:58:00,6/22/15,428,12
Thomas,3:59:00,6/22/15,208,5
Thomas,3:59:00,6/22/15,355,16
Thomas,3:59:00,6/22/15,510,36
Thomas,4:00:00,6/22/15,67,59
Thomas,4:00:00,6/22/15,443,49
Thomas,4:00:00,6/22/15,503,8
Thomas,4:01:00,6/22/15,134,96
Thomas,4:01:00,6/22/15,2,29
Thomas,4:01:00,6/22/15,32,13
Thomas,4:02:00,6/22/15,620,57
Thomas,4:02:00,6/22/15,954,33
Thomas,4:02:00,6/22/15,40,20
Thomas,4:03:00,6/22/15,511,94
Thomas,4:03:00,6/22/15,297,25
Thomas,4:03:00,6/22/15,917,56
Thomas,4:04:00,6/22/15,756,20
Thomas,4:04:00,6/22/15,665,72
Thomas,4:04:00,6/22/15,894,66
Thomas,4:05:00,6/22/15,550,12
Thomas,4:05:00,6/22/15,797,12
Thomas,4:05:00,6/22/15,195,3
Thomas,4:06:00,6/22/15,301,58
Thomas,4:06:00,6/22/15,596,24
Thomas,4:06:00,6/22/15,382,70
Thomas,4:07:00,6/22/15,17,91
Thomas,4:07:00,6/22/15,340,97
Thomas,4:07:00,6/22/15,139,8
Thomas,4:08:00,6/22/15,560,86
Thomas,4:08:00,6/22/15,811,12
Thomas,4:08:00,6/22/15,165,4
Thomas,4:09:00,6/22/15,212,78
Thomas,4:09:00,6/22/15,952,69
Thomas,4:09:00,6/22/15,388,90
Thomas,4:10:00,6/22/15,7,90
Thomas,4:10:00,6/22/15,25,9
Thomas,4:10:00,6/22/15,94,49
Thomas,4:11:00,6/22/15,7,19
Thomas,4:11:00,6/22/15,355,86
Thomas,4:11:00,6/22/15,372,60
Thomas,4:12:00,6/22/15,258,12
Thomas,4:12:00,6/22/15,899,58
Thomas,4:12:00,6/22/15,507,34
Thomas,4:13:00,6/22/15,787,54
Thomas,4:13:00,6/22/15,304,23
Thomas,4:13:00,6/22/15,682,81
Thomas,4:14:00,6/22/15,849,88
Thomas,4:14:00,6/22/15,623,25
Thomas,4:14:00,6/22/15,837,96
Thomas,4:15:00,6/22/15,868,11
Thomas,4:15:00,6/22/15,511,49
Thomas,4:15:00,6/22/15,960,60
Thomas,4:16:00,6/22/15,711,88
Thomas,4:16:00,6/22/15,331,8
Thomas,4:16:00,6/22/15,389,28
Thomas,4:17:00,6/22/15,43,44
Thomas,4:17:00,6/22/15,826,51
Thomas,4:17:00,6/22/15,872,95
Thomas,4:18:00,6/22/15,304,31
Thomas,4:18:00,6/22/15,108,63
Thomas,4:18:00,6/22/15,820,43
Thomas,4:19:00,6/22/15,753,27
Thomas,4:19:00,6/22/15,776,39
Thomas,4:19:00,6/22/15,64,87
Thomas,4:20:00,6/22/15,903,11
Thomas,4:20:00,6/22/15,220,49
Thomas,4:20:00,6/22/15,22,27
Thomas,4:21:00,6/22/15,244,5
Thomas,4:21:00,6/22/15,970,31
Thomas,4:21:00,6/22/15,450,40
Thomas,4:22:00,6/22/15,475,93
Thomas,4:22:00,6/22/15,46,27
Thomas,4:22:00,6/22/15,461,58
Thomas,4:23:00,6/22/15,954,61
Thomas,4:23:00,6/22/15,844,16
Thomas,4:23:00,6/22/15,244,16
Thomas,4:24:00,6/22/15,113,55
Thomas,4:24:00,6/22/15,646,48
Thomas,4:24:00,6/22/15,518,34
Thomas,4:25:00,6/22/15,584,34
Thomas,4:25:00,6/22/15,836,51
Thomas,4:25:00,6/22/15,810,48
Thomas,4:26:00,6/22/15,60,2
Thomas,4:26:00,6/22/15,894,46
Thomas,4:26:00,6/22/15,211,68
Thomas,4:27:00,6/22/15,438,57
Thomas,4:27:00,6/22/15,491,34
Thomas,4:27:00,6/22/15,630,70
Thomas,4:28:00,6/22/15,390,57
Thomas,4:28:00,6/22/15,157,27
Thomas,4:28:00,6/22/15,87,65
Thomas,4:29:00,6/22/15,128,55
Thomas,4:29:00,6/22/15,594,65
Thomas,4:29:00,6/22/15,598,52
Thomas,4:30:00,6/22/15,499,1
Thomas,4:30:00,6/22/15,657,79
Thomas,4:30:00,6/22/15,791,79
Thomas,4:31:00,6/22/15,75,51
Thomas,4:31:00,6/22/15,737,71
Thomas,4:31:00,6/22/15,948,1
Thomas,4:32:00,6/22/15,587,95
Thomas,4:32:00,6/22/15,952,17
Thomas,4:32:00,6/22/15,386,63
Thomas,4:33:00,6/22/15,196,89
Thomas,4:33:00,6/22/15,807,56
Thomas,4:33:00,6/22/15,901,90
Thomas,4:34:00,6/22/15,950,28
Thomas,4:34:00,6/22/15,43,31
Thomas,4:34:00,6/22/15,428,18
Thomas,4:35:00,6/22/15,501,90
Thomas,4:35:00,6/22/15,622,92
Thomas,4:35:00,6/22/15,958,87
Thomas,4:36:00,6/22/15,312,8
Thomas,4:36:00,6/22/15,992,75
Thomas,4:36:00,6/22/15,548,63
Thomas,4:37:00,6/22/15,552,79
Thomas,4:37:00,6/22/15,563,72
Thomas,4:37:00,6/22/15,428,53
Thomas,4:38:00,6/22/15,72,9
Thomas,4:38:00,6/22/15,297,84
Thomas,4:38:00,6/22/15,696,98
Thomas,4:39:00,6/22/15,423,66
Thomas,4:39:00,6/22/15,830,44
Thomas,4:39:00,6/22/15,716,90
Thomas,4:40:00,6/22/15,592,81
Thomas,4:40:00,6/22/15,962,29
Thomas,4:40:00,6/22/15,563,73
Thomas,4:41:00,6/22/15,612,50
Thomas,4:41:00,6/22/15,895,40
Thomas,4:41:00,6/22/15,900,50
Thomas,4:42:00,6/22/15,152,62
Thomas,4:42:00,6/22/15,797,10
Thomas,4:42:00,6/22/15,985,14
Thomas,4:43:00,6/22/15,110,81
Thomas,4:43:00,6/22/15,993,61
Thomas,4:43:00,6/22/15,862,47
Thomas,4:44:00,6/22/15,729,39
Thomas,4:44:00,6/22/15,253,97
Thomas,4:44:00,6/22/15,46,57
Thomas,4:45:00,6/22/15,57,95
Thomas,4:45:00,6/22/15,615,23
Thomas,4:45:00,6/22/15,517,9
Thomas,4:46:00,6/22/15,827,74
Thomas,4:46:00,6/22/15,499,18
Thomas,4:46:00,6/22/15,630,97
Thomas,4:47:00,6/22/15,129,96
Thomas,4:47:00,6/22/15,80,54
Thomas,4:47:00,6/22/15,349,5
Thomas,4:48:00,6/22/15,585,88
Thomas,4:48:00,6/22/15,882,64
Thomas,4:48:00,6/22/15,167,29
Thomas,4:49:00,6/22/15,144,41
Thomas,4:49:00,6/22/15,297,42
Thomas,4:49:00,6/22/15,799,45
Thomas,4:50:00,6/22/15,566,68
Thomas,4:50:00,6/22/15,147,47
Thomas,4:50:00,6/22/15,780,29
Thomas,4:51:00,6/22/15,319,10
Thomas,4:51:00,6/22/15,926,4
Thomas,4:51:00,6/22/15,287,86
Thomas,4:52:00,6/22/15,906,29
Thomas,4:52:00,6/22/15,45,33
Thomas,4:52:00,6/22/15,890,67
Thomas,4:53:00,6/22/15,795,40
Thomas,4:53:00,6/22/15,57,55
Thomas,4:53:00,6/22/15,961,24
Thomas,4:54:00,6/22/15,838,42
Thomas,4:54:00,6/22/15,28,90
Thomas,4:54:00,6/22/15,487,4
Thomas,4:55:00,6/22/15,733,42
Thomas,4:55:00,6/22/15,762,8
Thomas,4:55:00,6/22/15,592,100
Thomas,4:56:00,6/22/15,302,1
Thomas,4:56:00,6/22/15,334,97
Thomas,4:56:00,6/22/15,746,71
Thomas,4:57:00,6/22/15,851,7
Thomas,4:57:00,6/22/15,109,49
Thomas,4:57:00,6/22/15,785,57
Thomas,4:58:00,6/22/15,841,47
Thomas,4:58:00,6/22/15,593,21
Thomas,4:58:00,6/22/15,140,57
Thomas,4:59:00,6/22/15,358,4
Thomas,4:59:00,6/22/15,813,61
Thomas,4:59:00,6/22/15,254,4
Thomas,5:00:00,6/22/15,211,63
Thomas,5:00:00,6/22/15,671,61
Thomas,5:00:00,6/22/15,528,49
Thomas,5:01:00,6/22/15,498,63
Thomas,5:01:00,6/22/15,642,42
Thomas,5:01:00,6/22/15,459,86
Thomas,5:02:00,6/22/15,465,99
Thomas,5:02:00,6/22/15,2,21
Thomas,5:02:00,6/22/15,417,4
Thomas,5:03:00,6/22/15,776,7
Thomas,5:03:00,6/22/15,349,12
Thomas,5:03:00,6/22/15,528,87
Thomas,5:04:00,6/22/15,438,93
Thomas,5:04:00,6/22/15,941,91
Thomas,5:04:00,6/22/15,312,22
Thomas,5:05:00,6/22/15,921,2
Thomas,5:05:00,6/22/15,24,65
Thomas,5:05:00,6/22/15,387,56
Thomas,5:06:00,6/22/15,885,96
Thomas,5:06:00,6/22/15,651,3
Thomas,5:06:00,6/22/15,794,16
Thomas,5:07:00,6/22/15,914,18
Thomas,5:07:00,6/22/15,861,24
Thomas,5:07:00,6/22/15,47,9
Thomas,5:08:00,6/22/15,533,25
Thomas,5:08:00,6/22/15,836,57
Thomas,5:08:00,6/22/15,985,91
Thomas,5:09:00,6/22/15,886,27
Thomas,5:09:00,6/22/15,786,54
Thomas,5:09:00,6/22/15,836,24
Thomas,5:10:00,6/22/15,210,4
Thomas,5:10:00,6/22/15,825,37
Thomas,5:10:00,6/22/15,808,100
Thomas,5:11:00,6/22/15,707,38
Thomas,5:11:00,6/22/15,484,15
Thomas,5:11:00,6/22/15,453,2
Thomas,5:12:00,6/22/15,712,89
Thomas,5:12:00,6/22/15,766,42
Thomas,5:12:00,6/22/15,495,39
Thomas,5:13:00,6/22/15,663,54
Thomas,5:13:00,6/22/15,46,84
Thomas,5:13:00,6/22/15,867,46
Thomas,5:14:00,6/22/15,126,76
Thomas,5:14:00,6/22/15,717,48
Thomas,5:14:00,6/22/15,317,74
Thomas,5:15:00,6/22/15,662,7
Thomas,5:15:00,6/22/15,113,81
Thomas,5:15:00,6/22/15,405,18
Thomas,5:16:00,6/22/15,157,77
Thomas,5:16:00,6/22/15,229,93
Thomas,5:16:00,6/22/15,496,31
Thomas,5:17:00,6/22/15,473,23
Thomas,5:17:00,6/22/15,460,42
Thomas,5:17:00,6/22/15,18,59
Thomas,5:18:00,6/22/15,471,76
Thomas,5:18:00,6/22/15,949,92
Thomas,5:18:00,6/22/15,976,52
Thomas,5:19:00,6/22/15,137,17
Thomas,5:19:00,6/22/15,878,1
Thomas,5:19:00,6/22/15,681,39
Thomas,5:20:00,6/22/15,326,71
Thomas,5:20:00,6/22/15,937,72
Thomas,5:20:00,6/22/15,534,62
Thomas,5:21:00,6/22/15,414,21
Thomas,5:21:00,6/22/15,437,45
Thomas,5:21:00,6/22/15,926,59
Thomas,5:22:00,6/22/15,600,77
Thomas,5:22:00,6/22/15,600,87
Thomas,5:22:00,6/22/15,273,81
Thomas,5:23:00,6/22/15,765,89
Thomas,5:23:00,6/22/15,448,68
Thomas,5:23:00,6/22/15,40,69
Thomas,5:24:00,6/22/15,93,42
Thomas,5:24:00,6/22/15,862,5
Thomas,5:24:00,6/22/15,678,28
Thomas,5:25:00,6/22/15,63,13
Thomas,5:25:00,6/22/15,277,58
Thomas,5:25:00,6/22/15,953,58
Thomas,5:26:00,6/22/15,465,35
Thomas,5:26:00,6/22/15,623,66
Thomas,5:26:00,6/22/15,358,41
Thomas,5:27:00,6/22/15,265,66
Thomas,5:27:00,6/22/15,690,26
Thomas,5:27:00,6/22/15,660,27
Thomas,5:28:00,6/22/15,481,13
Thomas,5:28:00,6/22/15,491,32
Thomas,5:28:00,6/22/15,92,98
Thomas,5:29:00,6/22/15,499,10
Thomas,5:29:00,6/22/15,80,3
Thomas,5:29:00,6/22/15,550,32
Thomas,5:30:00,6/22/15,467,59
Thomas,5:30:00,6/22/15,859,59
Thomas,5:30:00,6/22/15,801,86
Thomas,5:31:00,6/22/15,802,81
Thomas,5:31:00,6/22/15,172,79
Thomas,5:31:00,6/22/15,114,38
Thomas,5:32:00,6/22/15,48,33
Thomas,5:32:00,6/22/15,391,90
Thomas,5:32:00,6/22/15,777,75
Thomas,5:33:00,6/22/15,986,22
Thomas,5:33:00,6/22/15,357,56
Thomas,5:33:00,6/22/15,190,76
Thomas,5:34:00,6/22/15,455,68
Thomas,5:34:00,6/22/15,98,3
Thomas,5:34:00,6/22/15,567,11
Thomas,5:35:00,6/22/15,15,69
Thomas,5:35:00,6/22/15,87,44
Thomas,5:35:00,6/22/15,460,1
Thomas,5:36:00,6/22/15,622,1
Thomas,5:36:00,6/22/15,403,62
Thomas,5:36:00,6/22/15,326,31
Thomas,5:37:00,6/22/15,50,33
Thomas,5:37:00,6/22/15,72,35
Thomas,5:37:00,6/22/15,727,50
Thomas,5:38:00,6/22/15,557,4
Thomas,5:38:00,6/22/15,893,87
Thomas,5:38:00,6/22/15,285,43
Thomas,5:39:00,6/22/15,938,3
Thomas,5:39:00,6/22/15,851,42
Thomas,5:39:00,6/22/15,458,89
Thomas,5:40:00,6/22/15,811,90
Thomas,5:40:00,6/22/15,602,24
Thomas,5:40:00,6/22/15,795,100
Thomas,5:41:00,6/22/15,416,8
Thomas,5:41:00,6/22/15,890,69
Thomas,5:41:00,6/22/15,633,52
Thomas,5:42:00,6/22/15,453,90
Thomas,5:42:00,6/22/15,614,64
Thomas,5:42:00,6/22/15,372,52
Thomas,5:43:00,6/22/15,602,65
Thomas,5:43:00,6/22/15,573,10
Thomas,5:43:00,6/22/15,614,51
Thomas,5:44:00,6/22/15,822,31
Thomas,5:44:00,6/22/15,460,6
Thomas,5:44:00,6/22/15,759,29
Thomas,5:45:00,6/22/15,573,76
Thomas,5:45:00,6/22/15,568,47
Thomas,5:45:00,6/22/15,365,84
Thomas,5:46:00,6/22/15,692,14
Thomas,5:46:00,6/22/15,353,49
Thomas,5:46:00,6/22/15,907,45
Thomas,5:47:00,6/22/15,149,15
Thomas,5:47:00,6/22/15,525,52
Thomas,5:47:00,6/22/15,589,57
Thomas,5:48:00,6/22/15,64,2
Thomas,5:48:00,6/22/15,979,97
Thomas,5:48:00,6/22/15,10,84
Thomas,5:49:00,6/22/15,810,32
Thomas,5:49:00,6/22/15,268,12
Thomas,5:49:00,6/22/15,46,8
Thomas,5:50:00,6/22/15,831,93
Thomas,5:50:00,6/22/15,413,30
Thomas,5:50:00,6/22/15,375,37
Thomas,5:51:00,6/22/15,493,61
Thomas,5:51:00,6/22/15,290,42
Thomas,5:51:00,6/22/15,51,28
Thomas,5:52:00,6/22/15,445,69
Thomas,5:52:00,6/22/15,83,86
Thomas,5:52:00,6/22/15,33,74
Thomas,5:53:00,6/22/15,685,85
Thomas,5:53:00,6/22/15,224,86
Thomas,5:53:00,6/22/15,525,92
Thomas,5:54:00,6/22/15,367,54
Thomas,5:54:00,6/22/15,917,39
Thomas,5:54:00,6/22/15,873,4
Thomas,5:55:00,6/22/15,14,18
Thomas,5:55:00,6/22/15,241,45
Thomas,5:55:00,6/22/15,579,7
Thomas,5:56:00,6/22/15,809,43
Thomas,5:56:00,6/22/15,694,83
Thomas,5:56:00,6/22/15,98,35
Thomas,5:57:00,6/22/15,560,98
Thomas,5:57:00,6/22/15,541,47
Thomas,5:57:00,6/22/15,663,60
Thomas,5:58:00,6/22/15,268,45
Thomas,5:58:00,6/22/15,316,20
Thomas,5:58:00,6/22/15,753,19
Thomas,5:59:00,6/22/15,614,41
Thomas,5:59:00,6/22/15,596,74
Thomas,5:59:00,6/22/15,276,88
Thomas,6:00:00,6/22/15,871,86
Thomas,6:00:00,6/22/15,633,8
Thomas,6:00:00,6/22/15,928,83
Thomas,6:01:00,6/22/15,175,52
Thomas,6:01:00,6/22/15,556,54
Thomas,6:01:00,6/22/15,464,17
Thomas,6:02:00,6/22/15,444,1
Thomas,6:02:00,6/22/15,524,6
Thomas,6:02:00,6/22/15,447,17
Thomas,6:03:00,6/22/15,32,52
Thomas,6:03:00,6/22/15,875,95
Thomas,6:03:00,6/22/15,581,90
Thomas,6:04:00,6/22/15,974,12
Thomas,6:04:00,6/22/15,235,39
Thomas,6:04:00,6/22/15,130,63
Thomas,6:05:00,6/22/15,811,83
Thomas,6:05:00,6/22/15,29,39
Thomas,6:05:00,6/22/15,161,21
Thomas,6:06:00,6/22/15,860,82
Thomas,6:06:00,6/22/15,431,10
Thomas,6:06:00,6/22/15,686,91
Thomas,6:07:00,6/22/15,396,52
Thomas,6:07:00,6/22/15,375,55
Thomas,6:07:00,6/22/15,823,70
Thomas,6:08:00,6/22/15,231,73
Thomas,6:08:00,6/22/15,803,18
Thomas,6:08:00,6/22/15,632,11
Thomas,6:09:00,6/22/15,719,13
Thomas,6:09:00,6/22/15,50,3
Thomas,6:09:00,6/22/15,772,2
Thomas,6:10:00,6/22/15,932,83
Thomas,6:10:00,6/22/15,515,79
Thomas,6:10:00,6/22/15,728,55
Thomas,6:11:00,6/22/15,374,64
Thomas,6:11:00,6/22/15,720,61
Thomas,6:11:00,6/22/15,157,84
Thomas,6:12:00,6/22/15,117,28
Thomas,6:12:00,6/22/15,279,25
Thomas,6:12:00,6/22/15,290,24
Thomas,6:13:00,6/22/15,291,39
Thomas,6:13:00,6/22/15,675,54
Thomas,6:13:00,6/22/15,395,30
Thomas,6:14:00,6/22/15,423,12
Thomas,6:14:00,6/22/15,245,80
Thomas,6:14:00,6/22/15,767,15
Thomas,6:15:00,6/22/15,905,64
Thomas,6:15:00,6/22/15,104,56
Thomas,6:15:00,6/22/15,101,31
Thomas,6:16:00,6/22/15,326,70
Thomas,6:16:00,6/22/15,813,82
Thomas,6:16:00,6/22/15,354,27
Thomas,6:17:00,6/22/15,158,99
Thomas,6:17:00,6/22/15,726,90
Thomas,6:17:00,6/22/15,976,1
Thomas,6:18:00,6/22/15,509,100
Thomas,6:18:00,6/22/15,683,59
Thomas,6:18:00,6/22/15,65,78
Thomas,6:19:00,6/22/15,7,17
Thomas,6:19:00,6/22/15,568,95
Thomas,6:19:00,6/22/15,458,96
Thomas,6:20:00,6/22/15,390,28
Thomas,6:20:00,6/22/15,642,93
Thomas,6:20:00,6/22/15,990,71
Thomas,6:21:00,6/22/15,348,18
Thomas,6:21:00,6/22/15,262,16
Thomas,6:21:00,6/22/15,126,94
Thomas,6:22:00,6/22/15,545,75
Thomas,6:22:00,6/22/15,212,88
Thomas,6:22:00,6/22/15,528,50
Thomas,6:23:00,6/22/15,429,61
Thomas,6:23:00,6/22/15,519,42
Thomas,6:23:00,6/22/15,253,86
Thomas,6:24:00,6/22/15,69,52
Thomas,6:24:00,6/22/15,38,41
Thomas,6:24:00,6/22/15,987,59
Thomas,6:25:00,6/22/15,488,10
Thomas,6:25:00,6/22/15,557,32
Thomas,6:25:00,6/22/15,384,13
Thomas,6:26:00,6/22/15,270,78
Thomas,6:26:00,6/22/15,863,95
Thomas,6:26:00,6/22/15,418,90
Thomas,6:27:00,6/22/15,300,47
Thomas,6:27:00,6/22/15,554,44
Thomas,6:27:00,6/22/15,190,43
Thomas,6:28:00,6/22/15,331,10
Thomas,6:28:00,6/22/15,895,9
Thomas,6:28:00,6/22/15,800,31
Thomas,6:29:00,6/22/15,877,93
Thomas,6:29:00,6/22/15,904,81
Thomas,6:29:00,6/22/15,54,22
Thomas,6:30:00,6/22/15,759,18
Thomas,6:30:00,6/22/15,469,41
Thomas,6:30:00,6/22/15,149,78
Thomas,6:31:00,6/22/15,367,88
Thomas,6:31:00,6/22/15,598,32
Thomas,6:31:00,6/22/15,166,33
Thomas,6:32:00,6/22/15,106,53
Thomas,6:32:00,6/22/15,905,29
Thomas,6:32:00,6/22/15,713,48
Thomas,6:33:00,6/22/15,829,50